sales_id , product_name , category , price , items_sold , sale_date
22-3728298 , Garlic Herb Seasoning , Food - Spices , 1.99 , 88 , 24-12-2024
98-1560342 , Lemon Sorbet , Food - Frozen Desserts , 4.99 , 25 , 03-04-2024
61-2370459 , French Bread , Food - Bakery , 2.49 , 36 , 01-09-2024
59-5397304 , Popcorn Chicken , Food - Frozen , 6.49 , 77 , 25-06-2024
44-2602036 , Gardening Tool Belt , Garden , 22.99 , 44 , 02-07-2024
47-3001471 , Coconut Granola , Food - Snacks , 4.19 , 30 , 27-04-2024
57-1030293 , Reusable Produce Bags Set , Kitchen , 14.99 , 52 , 16-04-2024
20-5079055 , Frozen Acai Bowl , Food - Frozen Foods , 6.49 , 37 , 04-12-2024
61-8509530 , Almond Joy Munch Bars , Food - Snacks , 1.39 , 79 , 23-09-2024
13-2260848 , Outdoor Camping Hammock , Outdoor , 29.99 , 22 , 08-10-2024
59-4418715 , Vegetable Sushi Rolls , Food - Prepared Meals , 5.99 , 78 , 07-01-2024
27-1163913 , Chia Seed Pudding Mix , Food - Breakfast , 4.19 , 2 , 06-03-2024
45-1658597 , Glass Water Bottle , Fitness , 25.99 , 16 , 07-06-2024
23-3838567 , Coconut Oil , Food - Oils & Vinegars , 6.49 , 63 , 07-06-2024
62-1937251 , Pet Training Clicker , Pets , 5.99 , 90 , 22-11-2024
30-6467130 , Pumpkin Spice Pancake Mix , Food - Breakfast , 3.49 , 65 , 21-01-2024
47-8943340 , Maple Almond Yogurt , Food - Dairy , 1.89 , 9 , 13-07-2024
52-1228957 , Protein Bar Variety Pack , Food - Snacks , 12.99 , 59 , 26-03-2024
73-6152953 , Personalized Keychain , Accessories , 10.99 , 45 , 20-01-2024
03-9923040 , Maple Bacon Potato Chips , Food - Snacks , 2.89 , 71 , 27-06-2024
32-2511223 , Survival Gear Kit , Outdoor , 59.99 , 44 , 04-08-2024
45-8986009 , Suede Ankle Booties , Clothing - Footwear , 79.99 , 22 , 21-10-2024
26-3784418 , French Onion Dip , Food - Condiments , 2.99 , 46 , 30-03-2024
55-5373574 , Leather Crossbody Bag , Clothing - Bags , 89.99 , 54 , 29-03-2024
03-6196982 , Marinated Artichokes , Food - Vegetables , 3.79 , 28 , 29-10-2024
00-3448676 , Portable Massage Table , Health , 199.99 , 75 , 09-03-2024
66-4639929 , Dog Walking Waist Pack , Pets , 19.99 , 15 , 08-01-2024
23-7859659 , Honey , Food - Condiments , 5.49 , 45 , 26-04-2024
92-1422635 , Sesame Garlic Stir-Fry Sauce , Food - Sauces , 2.79 , 85 , 04-11-2024
42-3513819 , Almond Crunch Granola Bars , Food - Snacks , 3.49 , 76 , 07-03-2024
55-2682618 , Wireless Earbud Silicone Covers , Accessories , 9.99 , 98 , 12-03-2024
18-4128167 , Cranberry Orange Juice , Food - Beverages , 2.49 , 35 , 06-04-2024
54-3640883 , Apple Cinnamon Breakfast Muffins , Food - Bakery , 3.49 , 11 , 26-11-2024
90-8515714 , Dark Chocolate Covered Pretzels , Food - Snacks , 3.99 , 50 , 26-04-2024
78-7612339 , Orange Ginger Vinaigrette , Food - Condiments , 3.99 , 48 , 13-05-2024
81-1691987 , Savory Quinoa Pudding , Food - Sides , 2.99 , 75 , 18-01-2024
92-3480938 , Lasagna Noodles , Food - Pasta , 1.89 , 6 , 13-04-2024
24-6536493 , Outdoor Adventure Kit , Outdoor , 89.99 , 36 , 27-06-2024
99-7275132 , Truffle Parmesan Fries , Food - Snacks , 4.99 , 34 , 10-07-2024
82-9263785 , Organic Coconut Flakes , Food - Baking , 3.49 , 8 , 15-04-2024
42-6783829 , Chocolate Protein Powder , Food - Supplements , 24.99 , 84 , 27-07-2024
39-3860789 , Decorative Throw Pillows , Home , 29.99 , 85 , 17-07-2024
68-3412382 , Honey Wheat Pretzels , Food - Snacks , 3.49 , 72 , 11-10-2024
21-0959560 , Blackberry Compote , Food - Condiments , 5.29 , 99 , 03-03-2024
20-8444082 , Smartphone Tripod with Remote , Photography , 29.99 , 44 , 01-08-2024
81-2219570 , Casual Sneakers , Clothing - Footwear , 39.99 , 6 , 27-12-2024
25-5537874 , Creamy Avocado Dip , Food - Snacks , 3.49 , 2 , 30-06-2024
13-8929289 , Electric Butter Churn , Kitchen , 49.99 , 5 , 27-07-2024
34-4250561 , Terry Cloth Robe , Clothing - Loungewear , 59.99 , 44 , 29-02-2024
29-5993997 , Fruit and Nut Medley , Food - Snacks , 5.99 , 50 , 29-08-2024
47-5729238 , Classic Caesar Dressing , Food - Condiments , 3.49 , 75 , 05-04-2024
01-4765565 , Satin Slip Dress , Clothing - Dresses , 59.99 , 52 , 10-12-2024
96-3852184 , Fleece Lined Leggings , Clothing , 29.99 , 45 , 18-02-2024
59-8913283 , Zucchini Noodles , Food - Vegetables , 3.99 , 40 , 01-12-2024
97-8347166 , Fridge Magnet Set , Home , 15.99 , 60 , 19-05-2024
33-8529394 , Portable Laptop Table , Office , 39.99 , 90 , 23-09-2024
48-4295560 , Insulated Wine Tote , Accessories , 24.99 , 6 , 27-08-2024
28-1261705 , Sriracha Chili Sauce , Food - Condiments , 2.79 , 41 , 06-11-2024
68-6576024 , Sports Bottle , Fitness , 15.99 , 62 , 16-10-2024
81-3002077 , Garlic & Herb Goat Cheese , Food - Dairy , 5.49 , 22 , 30-10-2024
56-7735610 , Organic Coconut Flour , Food - Baking , 5.49 , 88 , 20-11-2024
09-5183947 , Coconut Curry Lentil Soup , Food - Canned Goods , 3.99 , 47 , 17-08-2024
55-0589189 , Magnetic Spice Containers , Kitchen , 24.99 , 84 , 02-01-2024
76-0134063 , Butternut Squash Soup , Food - Soups , 3.49 , 11 , 24-09-2024
12-4238257 , Fitbit Activity Tracker , Fitness , 99.99 , 48 , 15-03-2024
11-7259620 , Electrolyte Water Bottle , Fitness , 34.99 , 66 , 26-01-2024
88-6265746 , Bamboo Bathtub Caddy , Home , 34.99 , 99 , 25-03-2024
23-1434120 , Watercolor Brush Pens , Art Supplies , 19.99 , 53 , 24-04-2024
86-2348224 , Customizable Name Puzzle , Toys , 29.99 , 58 , 25-04-2024
45-8101934 , Aeropress Coffee Maker , Kitchen , 29.99 , 16 , 23-06-2024
11-8845581 , Weighted Blanket for Adults , Health , 59.99 , 68 , 20-09-2024
78-6838348 , Dog Car Seat Cover , Pets , 39.99 , 9 , 24-09-2024
53-5296757 , Smartphone Projector , Electronics , 29.99 , 25 , 24-01-2024
23-1249497 , Thai Green Curry Paste , Food - Sauces , 2.49 , 87 , 03-04-2024
63-3567758 , French Onion Dip , Food - Condiments , 2.99 , 98 , 17-01-2024
05-0948218 , Self-Watering Planter , Garden , 24.99 , 44 , 17-08-2024
67-4849723 , Strawberry Rhubarb Jam , Food - Condiments , 4.29 , 51 , 02-12-2024
36-7142437 , Balsamic Fig Dressing , Food - Condiments , 3.79 , 11 , 04-07-2024
69-2148382 , High-Speed Blender , Kitchen , 99.99 , 20 , 17-08-2024
71-3099073 , Garden Kneeler and Seat , Garden , 39.99 , 76 , 24-05-2024
81-7485810 , Portable Air Conditioner , Home Appliances , 299.99 , 43 , 17-02-2024
60-6963951 , Beard Grooming Kit , Grooming , 34.99 , 4 , 21-01-2024
02-4545872 , Woven Storage Baskets , Home , 24.99 , 29 , 18-05-2024
01-5248895 , Over-the-Door Hooks , Home , 12.99 , 74 , 10-05-2024
09-8450011 , Apple Cinnamon Breakfast Muffins , Food - Bakery , 3.49 , 72 , 01-05-2024
68-9481901 , Electric Blanket , Home , 59.99 , 23 , 04-12-2024
20-3516777 , Streaming Device , Electronics , 49.99 , 28 , 13-07-2024
10-4209085 , Chickpea Snack Mix , Food - Snacks , 3.49 , 49 , 28-04-2024
94-1049751 , Inflatable Party Cooler , Outdoor , 19.99 , 73 , 30-08-2024
67-6446343 , Garden Hoses with Expandable Features , Garden , 34.99 , 7 , 16-02-2024
27-9193772 , Fried Rice , Food - Frozen Foods , 4.29 , 86 , 16-11-2024
54-9892647 , Sunglasses Case , Accessories , 15.99 , 67 , 28-02-2024
79-4359170 , Classic Watch , Accessories , 99.99 , 7 , 10-02-2024
71-3128514 , Canvas High-Top Sneakers , Clothing - Footwear , 49.99 , 53 , 27-06-2024
04-8564782 , Scented Candles , Home , 19.99 , 24 , 10-02-2024
06-3341113 , Fitness Tracker Band , Fitness , 29.99 , 36 , 10-01-2024
95-1375596 , Maple Bacon Jerky , Food - Meat , 6.99 , 67 , 26-12-2024
82-1705230 , Weighted Blanket , Health , 79.99 , 14 , 26-08-2024
44-6319014 , Chewy Granola Bars , Food - Snacks , 3.49 , 93 , 01-10-2024
56-3373871 , Ice Cube Tray with Lid , Kitchen , 10.99 , 21 , 15-04-2024
97-2378637 , Handmade Wooden Utensil Set , Kitchen , 24.99 , 84 , 14-02-2024
99-9399059 , Flavored Rice Cakes , Food - Snacks , 2.49 , 49 , 01-05-2024
34-9824050 , Apple Cinnamon Oatmeal , Food - Breakfast , 2.89 , 50 , 15-10-2024
38-9477242 , Ginger Turmeric Latte Mix , Food - Beverages , 5.29 , 42 , 15-11-2024
27-4205673 , Pasta (Linguine) , Food - Pasta , 1.89 , 97 , 28-05-2024
57-0373176 , Chicken Breasts , Food - Meat , 9.99 , 17 , 09-09-2024
31-8859272 , Faux Fur Coat , Clothing - Coats , 129.99 , 16 , 29-09-2024
95-6350859 , Mango Chia Pudding , Food - Snacks , 4.49 , 18 , 19-11-2024
46-6386879 , Pet Safety Harness , Pets , 24.99 , 20 , 24-12-2024
16-7635322 , Mixed Nuts , Food - Snacks , 5.99 , 77 , 16-07-2024
00-2750832 , Decorative Throw Pillows , Home , 29.99 , 62 , 27-10-2024
52-4595142 , Gaming Mousepad , Gaming , 19.99 , 57 , 22-09-2024
35-8584025 , Canvas Tote Bag , Clothing - Accessories , 19.99 , 48 , 18-01-2024
69-4484873 , Frozen Mixed Berries , Food - Frozen Foods , 5.99 , 82 , 28-10-2024
47-1654450 , Wooden Toy Train Set , Toys , 29.99 , 1 , 14-03-2024
11-8790183 , Crispy Kale Chips , Food - Snacks , 2.99 , 10 , 12-02-2024
59-6604271 , Suede Ankle Booties , Clothing - Footwear , 79.99 , 57 , 28-12-2024
06-0299403 , Spicy Salsa Verde , Food - Condiments , 3.49 , 30 , 21-09-2024
63-0982412 , Portable Hammock with Stand , Outdoor , 69.99 , 49 , 27-03-2024
11-0266090 , Cranberry Orange Juice , Food - Beverages , 2.49 , 93 , 05-11-2024
83-0949981 , Coconut Flakes , Food - Baking , 3.29 , 23 , 12-06-2024
76-6403840 , Thai Peanut Noodles , Food - Pasta , 4.99 , 39 , 26-06-2024
74-7695195 , Printed Maxi Skirt , Clothing - Skirts , 39.99 , 81 , 28-04-2024
57-7450969 , Coconut Milk Yogurt , Food - Dairy Alternatives , 2.99 , 51 , 19-10-2024
57-5353693 , Sesame Garlic Noodles , Food - Pasta , 3.49 , 70 , 21-12-2024
32-4920206 , Pumpkin Spice Coffee , Food - Beverages , 7.99 , 22 , 26-01-2024
09-0725135 , Outdoor Camping Hammock , Outdoor , 29.99 , 6 , 09-08-2024
23-9229458 , Trainers with Mesh Inserts , Clothing - Footwear , 69.99 , 35 , 22-01-2024
49-5975298 , Throw Pillow Covers , Home , 22.99 , 75 , 30-12-2024
96-7801347 , Teriyaki Salmon Fillets , Food - Seafood , 9.99 , 58 , 04-03-2024
06-2198708 , Spaghetti Squash , Food - Produce , 3.99 , 89 , 13-04-2024
22-5719795 , Winter Insulated Jacket , Clothing , 89.99 , 42 , 04-03-2024
18-7566885 , Dark Chocolate Covered Pretzels , Food - Snacks , 3.99 , 14 , 11-07-2024
47-6426345 , Pineapple Coconut Bars , Food - Snacks , 3.79 , 38 , 30-11-2024
28-8661375 , Vegetable Spring Rolls , Food - Frozen Foods , 6.49 , 14 , 06-12-2024
27-3881552 , Spiralizer , Kitchen , 22.99 , 18 , 20-08-2024
02-4347208 , Waterproof Rain Boots , Clothing - Footwear , 69.99 , 85 , 02-04-2024
42-2204448 , Almond Joy Protein Bars , Food - Snacks , 1.99 , 34 , 30-10-2024
80-7071480 , Fried Rice , Food - Frozen Foods , 4.29 , 12 , 27-02-2024
74-4856738 , Antique Style Clock , Home , 39.99 , 30 , 17-10-2024
30-1506447 , Portable Phone Mug Holder , Automotive , 14.99 , 44 , 11-01-2024
58-1906257 , LED Strip Lights , Home , 19.99 , 53 , 18-08-2024
62-9026270 , Shoe Organizer , Home , 39.99 , 100 , 10-06-2024
23-3109160 , Set of Silicone Cooking Utensils , Kitchen , 29.99 , 32 , 01-06-2024
35-3655586 , Kale & Quinoa Salad Mix , Food - Salads , 4.49 , 72 , 01-07-2024
25-3243204 , Honeycrisp Apple Chips , Food - Snacks , 3.49 , 55 , 04-04-2024
41-7422349 , Harvest Grain Salad , Food - Salads , 5.49 , 1 , 14-08-2024
91-5209115 , Black Bean Spaghetti , Food - Pasta , 3.99 , 83 , 10-03-2024
16-2752147 , Smart Water Bottle with Hydration Reminder , Fitness , 39.99 , 79 , 20-01-2024
50-7186994 , Chickpea Pasta , Food - Pasta , 4.19 , 29 , 26-11-2024
80-1713647 , Peach Preserves , Food - Condiments , 3.79 , 92 , 05-11-2024
21-8460379 , Smartphone Gimbal , Electronics , 89.99 , 89 , 11-02-2024
26-6517429 , Chickpea Flour , Food - Baking , 3.29 , 99 , 20-08-2024
08-3332219 , Crafting Kit , Art Supplies , 29.99 , 11 , 25-06-2024
06-0996472 , Kids' Science Experiment Kit , Toys , 29.99 , 51 , 21-03-2024
52-3946393 , Induction Cooktop , Kitchen , 89.99 , 87 , 28-01-2024
32-4248522 , Spicy Beef Taco Mix , Food - Condiments , 1.99 , 61 , 01-07-2024
49-4271407 , Apple Juice , Food - Beverages , 3.29 , 9 , 13-12-2024
81-1047623 , BBQ Jackfruit , Food - Prepared Foods , 4.29 , 68 , 26-01-2024
66-5236466 , Plaid Flannel Shirt , Clothing - Tops , 29.99 , 47 , 28-04-2024
84-7256024 , Cooking Utensil Set , Kitchen , 24.99 , 77 , 22-01-2024
94-2778524 , Toasted Coconut Granola , Food - Breakfast , 4.99 , 9 , 24-12-2024
79-5570367 , Non-Stick Crepe Pan , Kitchen , 29.99 , 28 , 24-06-2024
01-4530627 , Samsung Galaxy Smartwatch , Wearable Tech , 249.99 , 40 , 17-03-2024
60-7366471 , Honey Wheat Pretzels , Food - Snacks , 3.49 , 14 , 20-09-2024
30-6236603 , Portable Campfire , Outdoor , 39.99 , 26 , 03-03-2024
85-7112498 , Customizable Wall Calendar , Office , 24.99 , 15 , 03-08-2024
52-5250139 , Chocolate Covered Pretzels , Food - Snacks , 3.29 , 24 , 01-07-2024
72-4978010 , Stainless Steel Cutlery Set , Kitchen , 29.99 , 54 , 26-03-2024
87-0036453 , Tuscan Bean Soup , Food - Canned Goods , 2.49 , 79 , 13-02-2024
27-8731976 , Sriracha Sauce , Food - Condiments , 3.19 , 84 , 09-05-2024
81-0124646 , Electric Kettle with Temperature Control , Kitchen , 49.99 , 67 , 24-03-2024
41-8208483 , Trainers with Mesh Inserts , Clothing - Footwear , 69.99 , 52 , 24-12-2024
16-8345843 , Glass Food Containers , Kitchen , 34.99 , 100 , 26-07-2024
57-7629354 , Asian Stir-Fry Vegetables , Food - Frozen Foods , 2.99 , 41 , 02-02-2024
00-7920918 , Instant Camera , Photography , 89.99 , 38 , 30-12-2024
01-5003175 , Strawberry Fruit Spread , Food - Jams & Jellies , 3.59 , 33 , 30-04-2024
32-8488919 , Herb Garden Planter Box , Garden , 49.99 , 21 , 17-11-2024
28-0926002 , Wall-Mounted Bookshelf , Home , 39.99 , 94 , 15-04-2024
30-7536371 , Coconut Curry Lentil Soup , Food - Canned Goods , 3.99 , 94 , 02-12-2024
87-3525357 , Maple Breakfast Sausage , Food - Meat , 5.99 , 33 , 05-03-2024
86-6776772 , Suction Cup Hooks , Home , 9.99 , 12 , 31-10-2024
97-3853011 , Gardening Gloves with Claws , Garden , 24.99 , 14 , 20-02-2024
57-2040863 , Veggie Burger Patties , Food - Meat Substitutes , 5.99 , 79 , 04-06-2024
86-7264375 , Teriyaki Chicken Wings , Food - Frozen Food , 10.99 , 31 , 19-07-2024
08-3161712 , LED Strip Lights Kit , Home , 29.99 , 26 , 30-03-2024
44-9286383 , Lemon Dill Chicken Skewers , Food - Meat , 9.99 , 59 , 17-01-2024
59-2718064 , Nail Polish Set , Beauty , 25 , 70 , 19-09-2024
22-5040817 , Dried Cranberries , Food - Snacks , 4.29 , 89 , 13-11-2024
43-1390132 , Personalized Keychain , Accessories , 10.99 , 17 , 29-12-2024
42-6836624 , Blue Denim Jeans , Clothing - Bottoms , 49.99 , 79 , 23-01-2024
29-1904954 , Hiking Water Bottle with Filter , Outdoor , 29.99 , 100 , 27-12-2024
50-3033999 , Canvas Tote Bag , Clothing - Accessories , 19.99 , 55 , 01-10-2024
17-2050375 , Bluetooth Tracker , Accessories , 19.99 , 69 , 27-03-2024
06-2608313 , Pasta Salad Kit , Food - Prepared Foods , 5.99 , 59 , 01-10-2024
80-0810090 , Camera Tripod , Photography , 49.99 , 93 , 28-04-2024
69-6417260 , Toilet Paper (12 rolls) , Food - Household , 8.99 , 70 , 01-10-2024
23-6062125 , Organic Quinoa Chips , Food - Snacks , 3.99 , 87 , 05-12-2024
16-6397687 , Smart Plant Monitor , Garden , 24.99 , 26 , 31-10-2024
80-0426859 , DIY Candle Making Kit , Crafts , 22.99 , 59 , 21-07-2024
47-0252428 , Cinnamon Roll Protein Bar , Food - Snacks , 2.99 , 44 , 06-11-2024
79-7100451 , Adjustable Bar Stools , Furniture , 149.99 , 56 , 30-10-2024
69-7883957 , Vegetarian Stuffed Peppers , Food - Prepared Foods , 4.99 , 22 , 17-11-2024
55-8997895 , Gardening Gloves , Garden , 15.99 , 46 , 05-11-2024
92-7911458 , Fettuccine Alfredo Dinner Kit , Food - Prepared Meals , 5.49 , 26 , 15-04-2024
21-2215753 , Jalape√±o Cornbread , Food - Bakery , 3.29 , 12 , 29-01-2024
60-8156857 , Pineapple Coconut Bars , Food - Snacks , 3.79 , 45 , 13-01-2024
79-3396377 , Vegetable Spiralizer , Kitchen , 19.99 , 38 , 02-04-2024
85-6318615 , Chickpea Pancakes , Food - Frozen , 4.99 , 96 , 31-01-2024
31-9119736 , Thai Coconut Curry Sauce , Food - Condiments , 3.99 , 41 , 26-06-2024
02-2821909 , Dog Waste Bag Dispenser , Pets , 6.99 , 61 , 25-09-2024
27-6372744 , Pumpkin Waffles , Food - Breakfast , 4.49 , 2 , 24-09-2024
38-5313933 , Bamboo Toothbrush , Health , 5.99 , 89 , 23-09-2024
69-5647071 , Cinnamon Apple Sauce , Food - Canned Goods , 2.49 , 24 , 06-02-2024
66-4344049 , Bamboo Toothbrush Holder , Health , 14.99 , 8 , 25-09-2024
16-3758898 , Sports Windbreaker , Clothing - Outerwear , 44.99 , 86 , 12-03-2024
61-7423993 , Frozen Berry Medley , Food - Frozen Foods , 5.49 , 77 , 28-11-2024
11-9519377 , Magnetic Phone Car Mount , Automotive , 14.99 , 31 , 07-06-2024
40-3847724 , Magnetic Curtain Tiebacks , Home , 12.99 , 70 , 02-02-2024
08-7032651 , Frozen Berry Medley , Food - Frozen Foods , 5.49 , 20 , 22-01-2024
35-8490016 , Fitness Tracker , Fitness , 49.99 , 1 , 28-05-2024
46-7039429 , Casual Long Cardigan , Clothing - Outerwear , 45.99 , 53 , 20-04-2024
30-0267390 , Vegan Protein Powder , Health , 34.99 , 66 , 08-05-2024
54-7203879 , Trail Mix (Deluxe) , Food - Snacks , 4.59 , 50 , 08-04-2024
83-7955583 , Pasta Primavera Kit , Food - Meal Kits , 7.49 , 7 , 24-01-2024
63-6982381 , Roasted Red Pepper Sauce , Food - Sauces , 3.29 , 37 , 31-05-2024
30-7047835 , Honey mustard chicken tenders , Food - Meat , 7.99 , 9 , 21-09-2024
66-9566097 , Feta Cheese , Food - Dairy , 4.99 , 7 , 18-06-2024
52-7786913 , Balsamic Glaze , Food - Condiments , 4.79 , 3 , 26-10-2024
88-5685073 , Glass Water Bottle , Fitness , 25.99 , 87 , 09-03-2024
11-2565321 , Compost Bin , Garden , 29.99 , 7 , 27-05-2024
28-9446614 , Teriyaki Stir-Fry Sauce , Food - Condiments , 3.49 , 49 , 09-07-2024
39-7131454 , Essential Oils Diffuser Necklace , Health , 19.99 , 19 , 26-02-2024
65-0920522 , Basil Tomato Soup , Food - Canned Soups , 2.99 , 87 , 05-09-2024
86-2829421 , Energy Bites , Food - Snacks , 3.99 , 67 , 21-09-2024
33-7811144 , Berries Medley , Food - Produce , 6.99 , 24 , 20-09-2024
99-2562930 , Lentil Vegetable Stew , Food - Canned Soups , 4.49 , 80 , 17-09-2024
06-1434512 , Instant Mashed Potatoes , Food - Sides , 1.79 , 4 , 27-06-2024
66-8442411 , Savory Rice Cakes , Food - Snacks , 2.5 , 97 , 31-03-2024
85-1032615 , Sweet Potato Tots , Food - Frozen Foods , 4.29 , 70 , 15-01-2024
31-3635425 , Lentil Vegetable Stew , Food - Canned Soups , 4.49 , 53 , 08-02-2024
92-6454402 , Vegetable Broth , Food - Canned Goods , 2.29 , 2 , 21-08-2024
68-1449268 , Spicy Chicken Wings , Food - Meat , 9.99 , 76 , 10-02-2024
35-2429838 , Pet Safety Harness , Pets , 24.99 , 20 , 04-10-2024
67-3590963 , Honey-Balsamic Vinaigrette , Food - Dressing , 3.39 , 48 , 25-08-2024
90-2997236 , Outdoor Picnic Blanket , Outdoor , 34.99 , 40 , 12-02-2024
81-2633103 , Outdoor Adventure Kit , Outdoor , 89.99 , 67 , 29-02-2024
76-0257023 , Dog Waste Bag Dispenser , Pets , 6.99 , 56 , 30-09-2024
50-3333379 , Hibiscus Herbal Tea , Food - Beverages , 3.29 , 83 , 17-02-2024
16-8541420 , Portable Leaf Blower , Outdoor , 149.99 , 96 , 09-02-2024
42-9845182 , Cinnamon Roll Dough , Food - Bakery , 4.49 , 86 , 22-11-2024
09-7065662 , Peanut Butter , Food - Condiments , 3.79 , 49 , 24-04-2024
81-0296600 , Vegetable Medley , Food - Produce , 2.99 , 17 , 18-09-2024
28-8711256 , Tomato Paste , Food - Canned Goods , 1.29 , 37 , 28-03-2024
49-9468391 , Spicy Tuna Salad , Food - Seafood , 4.49 , 36 , 17-04-2024
11-0760593 , Cinnamon Sugar Mix , Food - Baking , 1.49 , 90 , 18-10-2024
10-5774130 , Safety Goggles , Safety , 14.99 , 26 , 13-02-2024
77-9297809 , Honeycrisp Apple Chips , Food - Snacks , 3.49 , 17 , 20-07-2024
71-2140703 , Reusable Coffee Filter , Kitchen , 10.99 , 93 , 02-05-2024
88-9141125 , Folding Backpack Chair , Outdoor , 49.99 , 66 , 09-03-2024
21-1574849 , Vegetable Fried Rice Mix , Food - Frozen Food , 3.99 , 49 , 23-05-2024
24-6434885 , Chili Lime Seasoning , Food - Spices , 2.99 , 61 , 01-02-2024
98-6220335 , Organic Whole Grain Oats , Food - Breakfast , 2.49 , 60 , 16-03-2024
43-9322916 , Solar Power Bank , Electronics , 39.99 , 52 , 06-12-2024
11-7965267 , Herb-Infused Olive Oil , Food - Oils , 8.99 , 42 , 28-01-2024
71-7099838 , Cold Brew Coffee Concentrate , Food - Beverages , 7.99 , 48 , 03-06-2024
01-1830196 , Cherry Almond Protein Bar , Food - Snacks , 1.99 , 94 , 06-03-2024
43-2859407 , Eco-Friendly Yoga Blocks , Fitness , 15.99 , 37 , 08-03-2024
89-6759473 , Classic Pesto Sauce , Food - Sauces , 4.29 , 19 , 16-01-2024
22-3091395 , Non-Stick Grill Mat , Outdoor , 19.99 , 46 , 16-04-2024
24-3262536 , Tea Set with Infuser , Kitchen , 34.99 , 39 , 16-03-2024
03-9097232 , Non-Slip Yoga Socks , Fitness , 12.99 , 12 , 27-07-2024
53-1121433 , Maple Cinnamon Granola , Food - Cereals , 4.29 , 40 , 18-09-2024
81-8850918 , Electric Toothbrush , Health , 49.95 , 49 , 06-03-2024
85-8368920 , Indoor Grill , Kitchen , 59.99 , 10 , 05-03-2024
44-5693833 , Caramel Sauce , Food - Condiments , 3.49 , 94 , 22-06-2024
10-9823099 , High-Quality Yoga Block , Fitness , 12.99 , 9 , 02-01-2024
76-5630357 , Spicy Chicken Wings , Food - Meat , 9.99 , 93 , 08-10-2024
55-2694388 , Adjustable Kitchen Broom Stand , Home , 14.99 , 41 , 31-08-2024
54-7305289 , Portable Electric Fan , Home , 24.99 , 80 , 23-01-2024
52-4982008 , Biodegradable Trash Bags , Home , 12.99 , 23 , 21-03-2024
64-2290253 , Camping Chair with Cooler , Outdoor , 49.99 , 51 , 19-01-2024
58-7699828 , Cocktail Shaker Set , Kitchen , 29.99 , 4 , 24-03-2024
10-1354957 , Waffle Maker , Kitchen , 39.99 , 65 , 23-08-2024
17-0431075 , Berry Smoothie Mix , Food - Frozen Foods , 4.99 , 73 , 05-07-2024
85-0067656 , Chicken Parmesan Dinner Kit , Food - Frozen Meals , 14.99 , 6 , 12-12-2024
12-7916663 , Portable Solar Charger , Electronics , 29.99 , 72 , 09-06-2024
82-3735396 , Electric Pressure Washer , Home Improvement , 199.99 , 24 , 18-01-2024
26-7316255 , Fitness Resistance Bands , Fitness , 29.99 , 39 , 12-04-2024
29-5569436 , Pumpkin Spice Cookies , Food - Bakery , 3.29 , 100 , 30-08-2024
14-6601236 , Travel Jewelry Organizer , Accessories , 19.99 , 78 , 04-01-2024
30-3578787 , Beef Chili , Food - Canned Goods , 4.5 , 4 , 30-12-2024
50-7139466 , Maple Pecan Oatmeal Cookies , Food - Bakery , 3.99 , 80 , 03-06-2024
71-5957241 , Comfortable Bed Pillow , Home , 24.99 , 49 , 07-10-2024
41-1799419 , Portable Electric Fan , Home , 24.99 , 67 , 01-06-2024
38-1846326 , Sushi Rice , Food - Grains , 3.99 , 60 , 02-11-2024
64-6003437 , Garden Hose , Garden , 32.99 , 60 , 01-09-2024
54-2928615 , Wrist Support Brace , Health , 19.99 , 20 , 10-03-2024
88-9369731 , Electric Toothbrush , Health , 49.95 , 97 , 02-01-2024
63-7267501 , Maple Pecan Pancake Mix , Food - Breakfast , 4.99 , 17 , 24-06-2024
76-4169006 , Coconut Curry Lentil Soup , Food - Canned Goods , 3.99 , 20 , 28-10-2024
78-3519425 , DIY Candle Kit , Crafts , 34.99 , 30 , 23-04-2024
86-7194140 , Italian Marinara Sauce , Food - Sauces , 3.29 , 92 , 09-06-2024
29-9097555 , Wireless HDMI Transmitter , Electronics , 79.99 , 40 , 02-07-2024
07-3842450 , Cherry Almond Protein Bar , Food - Snacks , 1.99 , 91 , 02-04-2024
80-9401948 , Peach Yogurt , Food - Dairy , 1.29 , 84 , 28-06-2024
46-2099989 , Kids' Building Blocks , Toys , 19.99 , 66 , 19-09-2024
06-0762582 , Plant-Based Meal Prep Containers , Kitchen , 18.99 , 60 , 31-05-2024
20-4839993 , Travel Pillow with Memory Foam , Travel , 29.99 , 9 , 04-05-2024
29-8445035 , Sweet Potato Tots , Food - Frozen Foods , 4.29 , 41 , 18-12-2024
90-7201324 , Emergency Preparedness Kit , Safety , 99.99 , 41 , 23-12-2024
00-8782552 , Harvest Grain Salad , Food - Salads , 5.49 , 42 , 01-02-2024
99-0743493 , Hiking Water Bottle with Filter , Outdoor , 29.99 , 93 , 13-07-2024
30-9402021 , Chocolate Chip Energy Balls , Food - Snacks , 3.99 , 30 , 14-02-2024
43-2075480 , Travel Jewelry Organizer , Accessories , 19.99 , 52 , 25-05-2024
96-4460651 , Chocolate Raspberry Tart , Food - Bakery , 9.99 , 35 , 04-10-2024
29-7615080 , BBQ Jackfruit , Food - Prepared Foods , 4.29 , 92 , 13-04-2024
32-4621382 , Wall-Mounted Organizer , Home , 34.99 , 52 , 22-06-2024
00-0447031 , Classic Chicken Noodle Soup , Food - Canned Goods , 3.49 , 79 , 08-04-2024
51-1379880 , Whole Wheat Bread , Food - Bakery , 2.49 , 89 , 03-01-2024
78-7161208 , Chipotle Lime Salsa , Food - Condiments , 3.99 , 72 , 21-09-2024
13-2018893 , Compact Portable Grill , Outdoor , 79.99 , 43 , 17-01-2024
17-9551206 , Outdoor Adventure Backpack , Outdoor , 59.99 , 64 , 13-06-2024
56-6314035 , Chickpea Snack Mix , Food - Snacks , 3.49 , 75 , 06-08-2024
15-5311907 , Fitness Resistance Bands , Fitness , 29.99 , 88 , 03-02-2024
50-6196491 , Hiking Boots , Footwear , 79.99 , 96 , 21-09-2024
38-0850541 , Lemon Garlic Marinade , Food - Condiments , 4.29 , 73 , 01-05-2024
80-7591879 , Pocket Blanket , Outdoor , 24.99 , 34 , 06-10-2024
77-1123936 , Travel Jewelry Case , Accessories , 24.99 , 96 , 14-07-2024
35-2240656 , Sliced Cucumbers , Food - Produce , 1.29 , 54 , 02-02-2024
21-7276620 , Honey Almond Granola Bars , Food - Snacks , 3.99 , 64 , 11-10-2024
17-0214437 , Pita Bread , Food - Bakery , 2.99 , 72 , 09-02-2024
66-5978676 , Hummus Variety Pack , Food - Dairy , 5.99 , 67 , 08-09-2024
69-7440275 , Interactive Robot Toy , Toys , 34.99 , 45 , 19-05-2024
78-8235840 , Window Blinds , Home , 59.99 , 16 , 06-12-2024
23-9136824 , Car Emergency Kit , Automotive , 49.99 , 33 , 28-07-2024
53-8001075 , Balsamic Glaze , Food - Condiments , 4.79 , 79 , 03-08-2024
75-8749559 , Frozen Broccoli , Food - Frozen , 2.49 , 32 , 09-01-2024
24-6252764 , Cinnamon Ice Cream , Food - Frozen Desserts , 4.99 , 46 , 07-09-2024
56-2498905 , Leather Crossbody Bag , Clothing - Bags , 89.99 , 52 , 03-10-2024
94-3677631 , Pet Water Bottle , Pets , 18.99 , 87 , 10-04-2024
19-3487669 , Smart Home Security Camera , Smart Home , 79.99 , 81 , 25-09-2024
33-3273302 , Adjustable Laptop Desk , Office , 59.99 , 81 , 14-04-2024
27-5088095 , Honey Lemon Tea , Food - Beverages , 3.29 , 93 , 03-02-2024
86-4835731 , Kids' Outdoor Explorer Kit , Toys , 24.99 , 57 , 09-07-2024
88-9579560 , Dog Car Seat Cover , Pets , 39.99 , 56 , 11-10-2024
51-3065641 , USB Desk Fan , Home , 14.99 , 96 , 24-03-2024
10-8752448 , Kids' Craft Supplies Set , Toys , 24.99 , 67 , 14-02-2024
32-2643320 , Roasted Garlic Mashed Potatoes , Food - Frozen Foods , 3.99 , 72 , 13-09-2024
38-7856140 , Noise-Canceling Earbuds , Audio , 79.99 , 10 , 28-12-2024
30-0109513 , Portable Hammock with Stand , Outdoor , 69.99 , 21 , 10-12-2024
06-8286715 , Ultra-Thin Laptop Sleeve , Accessories , 19.99 , 47 , 08-11-2024
56-0886105 , Outdoor Picnic Blanket , Outdoor , 34.99 , 27 , 03-04-2024
56-4428544 , Motorcycle Phone Mount , Automotive , 14.99 , 15 , 23-06-2024
29-9652729 , Honey Glazed Carrots , Food - Produce , 3.49 , 22 , 07-12-2024
72-6862102 , Feta Cheese , Food - Dairy , 4.99 , 90 , 25-05-2024
58-9094063 , Adjustable Resistance Bands , Fitness , 39.99 , 14 , 07-06-2024
90-0031554 , Lemon Dill Chicken Skewers , Food - Meat , 9.99 , 22 , 17-06-2024
09-1710698 , Kids Tablet , Electronics , 129.99 , 16 , 04-11-2024
51-4226555 , Portable Leaf Blower , Outdoor , 149.99 , 56 , 23-10-2024
24-0489943 , DIY Lip Balm Making Kit , Crafts , 22.99 , 97 , 29-03-2024
99-7397888 , Wooden Children's Play Kitchen , Toys , 129.99 , 98 , 28-12-2024
32-2876729 , Sliced Provolone Cheese , Food - Dairy , 3.99 , 50 , 03-10-2024
43-5039533 , Children's Science Experiment Lab Kit , Toys , 29.99 , 43 , 19-01-2024
75-3551580 , Cinnamon Roll Dough , Food - Bakery , 4.49 , 78 , 06-12-2024
37-0182369 , Caramel Apple Chips , Food - Snacks , 3.49 , 21 , 11-11-2024
46-7604103 , Herbed Couscous , Food - Grains , 2.49 , 10 , 15-10-2024
58-6349174 , Outdoor Adventure Backpack , Outdoor , 59.99 , 19 , 03-02-2024
57-7556075 , Magnetic Spice Containers , Kitchen , 24.99 , 96 , 21-12-2024
58-8750201 , Mediterranean Chickpea Salad , Food - Salads , 5.99 , 35 , 25-01-2024
74-8825858 , DIY Candle Making Kit , Crafts , 22.99 , 10 , 22-07-2024
51-1841664 , Folding Exercise Bike , Fitness , 199.99 , 8 , 20-09-2024
78-3085814 , Frozen Fruit Medley , Food - Frozen Foods , 5.99 , 43 , 09-05-2024
19-7739421 , Garden Hose , Garden , 32.99 , 46 , 14-08-2024
92-6323896 , Mini Fondue Set , Kitchen , 34.99 , 56 , 17-04-2024
79-7813197 , Travel Mug , Kitchen , 18.99 , 44 , 21-03-2024
94-7787476 , Wooden Toy Train Set , Toys , 29.99 , 17 , 03-01-2024
39-1602379 , Kids' Gardening Tools Set , Toys , 22.99 , 87 , 22-09-2024
92-3751570 , Juice Extractor , Kitchen , 99.99 , 46 , 11-11-2024
31-1312559 , Coconut Chia Seed Pudding , Food - Snacks , 2.99 , 30 , 15-11-2024
84-3914313 , Smartphone Tripod , Photography , 29.99 , 44 , 09-02-2024
26-9064951 , Chickpea Snack Mix , Food - Snacks , 3.49 , 49 , 28-12-2024
39-8084019 , Rechargeable Laptop Battery Pack , Electronics , 49.99 , 4 , 21-04-2024
37-5484519 , Wooden Kitchen Utensil Set , Kitchen , 19.99 , 11 , 30-04-2024
56-5524572 , Skincare Set , Beauty , 54.99 , 88 , 27-10-2024
04-4516476 , Wall Decals for Kids , Home , 24.99 , 66 , 27-05-2024
98-3111097 , Scent Diffuser Oil , Home , 14.99 , 100 , 10-02-2024
36-0326008 , Collapsible Camping Cup , Outdoor , 9.99 , 69 , 20-10-2024
72-8280781 , Cauliflower Pizza Crust , Food - Frozen Foods , 5.99 , 29 , 10-09-2024
21-8024496 , Decorative Throw Blanket , Home , 39.99 , 1 , 15-03-2024
58-7291860 , Fresh Strawberries , Food - Produce , 3.99 , 82 , 08-09-2024
48-8507646 , Canvas Tote Bag , Clothing - Accessories , 19.99 , 7 , 08-01-2024
51-3693573 , Baked Mac and Cheese , Food - Frozen Foods , 5.99 , 99 , 23-03-2024
36-5629671 , Peanut Butter Filled Pretzels , Food - Snacks , 3.99 , 41 , 24-10-2024
74-1230372 , Balsamic Vinegar , Food - Condiments , 4.99 , 29 , 20-12-2024
36-7706537 , Safety Pin Dispenser , Office , 5.99 , 85 , 12-03-2024
10-3682095 , Honey Roasted Peanuts , Food - Snacks , 3.19 , 19 , 27-06-2024
66-7794930 , Wi-Fi Enabled Smart Light Switch , Smart Home , 24.99 , 91 , 29-09-2024
88-4051333 , Lightweight Workout Tank , Clothing - Activewear , 29.99 , 5 , 26-09-2024
27-1114858 , Adjustable Pedicure Footrest , Beauty , 39.99 , 42 , 28-05-2024
52-3474525 , Cranberry Almond Biscotti , Food - Bakery , 4.19 , 55 , 30-05-2024
92-7591097 , Handheld Vacuum , Home Appliances , 79.99 , 48 , 04-02-2024
96-7176384 , Eco-Friendly Disposable Plates , Kitchen , 22.99 , 71 , 05-12-2024
38-1283055 , Fleece Hoodie , Clothing - Outerwear , 39.99 , 13 , 12-09-2024
08-8112411 , Electric Meat Grinder , Kitchen , 89.99 , 32 , 26-04-2024
66-2013662 , Chicken Parmesan Dinner Kit , Food - Frozen Meals , 14.99 , 27 , 03-04-2024
93-0995739 , Chocolate Hazelnut Granola , Food - Cereal , 4.49 , 96 , 20-02-2024
60-5332730 , Canned Coconut Milk , Food - Canned Goods , 1.89 , 2 , 19-02-2024
83-1240960 , Karaoke Microphone , Music , 39.99 , 80 , 15-05-2024
69-2981943 , Roasted Red Pepper Dip , Food - Snacks , 3.29 , 68 , 20-09-2024
13-2513846 , Spinach and Feta Stuffed Chicken Breast , Food - Meat , 8.99 , 1 , 27-08-2024
41-7148377 , Rustic Italian Breads , Food - Bakery , 3.99 , 9 , 22-08-2024
77-3829744 , Electric Butter Churn , Kitchen , 49.99 , 26 , 09-03-2024
69-6233203 , Hibiscus Herbal Tea , Food - Beverages , 3.29 , 21 , 29-01-2024
64-8101248 , Caramelized Onion Dip Mix , Food - Snacks , 2.29 , 31 , 12-03-2024
46-6316888 , Wireless Security System , Home Security , 299.99 , 17 , 17-12-2024
88-8191482 , Dark Chocolate Covered Almonds , Food - Snacks , 7.19 , 12 , 16-12-2024
80-2141191 , Curried Lentil Salad , Food - Salads , 4.29 , 53 , 12-08-2024
01-4493136 , Adjustable Laptop Desk , Office , 59.99 , 14 , 23-02-2024
14-7683789 , Bodyweight Resistance Bands , Fitness , 22.99 , 47 , 02-09-2024
47-0430589 , Zucchini Noodle Pasta , Food - Vegetables , 3.99 , 83 , 19-05-2024
37-8662496 , Honey , Food - Condiments , 5.49 , 39 , 05-11-2024
88-7129321 , Guitar Tuner , Music , 19.99 , 15 , 08-05-2024
79-1795948 , Mango Salsa , Food - Condiments , 3.49 , 94 , 08-09-2024
75-4269708 , High-Speed Hand Blender , Kitchen , 39.99 , 98 , 13-10-2024
40-4587299 , V-Neck Sweater , Clothing - Tops , 49.99 , 68 , 07-08-2024
14-9798817 , Cheddar Cheese Slices , Food - Dairy , 3.49 , 74 , 10-05-2024
74-2616857 , Organic Coconut Flakes , Food - Baking , 3.49 , 80 , 28-05-2024
78-4556003 , Pumpkin Seeds , Food - Snacks , 2.79 , 92 , 10-05-2024
33-2684515 , Lemon Sorbet , Food - Frozen Desserts , 4.99 , 39 , 23-02-2024
82-4417165 , Electric Stir Fry Pan , Kitchen , 49.99 , 22 , 03-03-2024
28-7625221 , Honey mustard chicken tenders , Food - Meat , 7.99 , 68 , 12-09-2024
12-2254160 , Camera Tripod , Photography , 49.99 , 89 , 24-09-2024
25-3211474 , Arcade Game Machine , Gaming , 299.99 , 99 , 15-03-2024
45-7933610 , Organic Brown Sugar , Food - Baking , 2.49 , 57 , 28-06-2024
66-6024234 , Lightweight Travel Backpack , Travel , 39.99 , 98 , 04-06-2024
87-9300118 , Portable Ice Maker , Kitchen , 199.99 , 79 , 05-12-2024
49-7728629 , Portable Charcoal Grill , Outdoor , 89.99 , 64 , 21-02-2024
52-3036714 , Garlic Butter Sauce , Food - Condiments , 3.59 , 73 , 09-01-2024
20-5680345 , Non-Stick Grill Mat , Outdoor , 19.99 , 25 , 08-12-2024
56-8424104 , Wildflower Honey , Food - Condiments , 4.99 , 19 , 16-06-2024
14-0856450 , Multi-Tool , Outdoor , 39.99 , 18 , 23-08-2024
21-1908964 , Organic Fruit Salad , Food - Produce , 4.49 , 5 , 14-03-2024
41-6843450 , Maple Bacon Jerky , Food - Meat , 6.99 , 47 , 26-05-2024
53-3697427 , Plaid Flannel Shirt , Clothing - Tops , 29.99 , 36 , 10-06-2024
27-1131825 , Herbed Couscous , Food - Grains , 2.49 , 28 , 06-11-2024
62-5738221 , Peanut Butter Pretzel Nuggets , Food - Snacks , 3.29 , 4 , 21-10-2024
11-2834108 , Lentil Soup (canned) , Food - Canned Goods , 1.99 , 67 , 24-07-2024
44-0294404 , Patterned Knit Scarf , Clothing - Accessories , 25.99 , 74 , 20-01-2024
98-2324100 , Spinach and Feta Wraps , Food - Prepared Foods , 4.99 , 17 , 28-03-2024
71-4655855 , Vegetable Curry , Food - Frozen Foods , 5.99 , 54 , 11-11-2024
66-7752513 , Peach Salsa , Food - Dips , 3.29 , 49 , 10-11-2024
47-4538489 , Wrap Front Midi Skirt , Clothing - Bottoms , 44.99 , 90 , 11-03-2024
28-6408480 , Blueberry Oatmeal Cups , Food - Breakfast , 3.29 , 29 , 14-01-2024
51-5252093 , Zesty Garlic Hummus , Food - Snacks , 3.99 , 33 , 15-05-2024
93-1600505 , Peas (frozen) , Food - Frozen Foods , 1.89 , 45 , 19-03-2024
38-9303467 , Wildflower Honey , Food - Condiments , 4.99 , 60 , 01-11-2024
37-4901443 , Pasta Salad Kit , Food - Prepared Foods , 5.99 , 61 , 22-04-2024
72-3049534 , Pressure Washer Accessories Kit , Home Improvement , 39.99 , 30 , 08-06-2024
95-2227306 , Travel Shoe Bags Set , Travel , 15.99 , 12 , 07-08-2024
63-1463095 , Garlic and Herb Rub , Food - Spices , 2.29 , 16 , 19-04-2024
05-3009406 , Blue Denim Jeans , Clothing - Bottoms , 49.99 , 54 , 22-04-2024
85-7229158 , Cushion Covers , Home , 35 , 42 , 31-10-2024
54-6459491 , Pressure Cooker , Kitchen , 89 , 21 , 30-03-2024
91-1606207 , Adjustable Pedicure Footrest , Beauty , 39.99 , 69 , 03-06-2024
58-7930931 , Radish Chips , Food - Snacks , 2.89 , 63 , 05-09-2024
20-4616465 , Camping Chair with Cooler , Outdoor , 49.99 , 17 , 04-11-2024
08-5871835 , Folding Table , Outdoor , 59.99 , 6 , 12-10-2024
86-3832104 , Underwater Camera , Photography , 199.99 , 32 , 01-08-2024
13-0516182 , Cranberry Lime Sparkling Water , Food - Beverages , 1.5 , 41 , 16-03-2024
62-0484993 , Incense Holder , Home , 14.99 , 97 , 19-04-2024
54-8524945 , Nutty Trail Mix , Food - Snacks , 4.29 , 50 , 28-05-2024
99-9456484 , Pistachio Ice Cream , Food - Frozen Desserts , 4.99 , 70 , 11-03-2024
01-5066730 , Backpack , Accessories , 49.99 , 7 , 19-08-2024
48-2012291 , Smart LED Desk Lamp , Office , 39.99 , 84 , 04-08-2024
68-2368087 , Lemon Basil Pasta Sauce , Food - Sauces , 4.99 , 14 , 17-08-2024
56-5832178 , LED Under Cabinet Lighting , Home , 29.99 , 15 , 16-12-2024
83-7159615 , Honey Wheat Pretzels , Food - Snacks , 3.49 , 32 , 14-10-2024
43-3800586 , Honey Roasted Peanuts , Food - Snacks , 3.19 , 47 , 19-10-2024
55-2414895 , Smart Water Bottle with Hydration Reminder , Fitness , 39.99 , 90 , 14-01-2024
83-8446467 , Chocolate Chip Cookie Dough , Food - Baking , 5.49 , 72 , 30-01-2024
69-7531792 , Classic Beef Chili , Food - Canned Goods , 7.99 , 44 , 19-03-2024
56-4545376 , Electric Air Pump , Outdoor , 29.99 , 71 , 08-01-2024
28-0823881 , Blue Denim Jeans , Clothing - Bottoms , 49.99 , 1 , 22-08-2024
34-3982343 , Oven Thermometer , Kitchen , 11.99 , 30 , 24-09-2024
81-9311958 , Tomatillo Salsa , Food - Condiments , 3.29 , 23 , 20-07-2024
12-0488927 , Puffer Winter Coat , Clothing - Outerwear , 99.99 , 36 , 01-08-2024
05-6811441 , Car Diagnostic Scanner , Automotive , 49.99 , 41 , 27-12-2024
14-2994441 , Almond Flour Brownies , Food - Baking , 5.99 , 24 , 27-06-2024
93-1247074 , Adjustable Resistance Bands , Fitness , 39.99 , 100 , 23-05-2024
99-7075664 , Phone Screen Protector , Accessories , 12.99 , 90 , 18-12-2024
13-1252357 , Herbal Tea Infuser , Kitchen , 9.99 , 89 , 30-09-2024
11-4391120 , Portable Air Compressor , Automotive , 44.99 , 64 , 01-01-2024
85-1851335 , Peanut Butter Pretzel Nuggets , Food - Snacks , 3.29 , 10 , 22-01-2024
15-3927949 , Herbed Chicken Breast , Food - Meat , 7.99 , 15 , 13-08-2024
71-2455565 , Adjustable Skipping Rope , Fitness , 12.99 , 97 , 27-02-2024
31-6258612 , Spicy Thai Chili Sauce , Food - Sauces , 3.29 , 25 , 25-11-2024
10-9152211 , Cork Yoga Mat , Fitness , 39.99 , 54 , 06-07-2024
67-1574278 , Karaoke Microphone , Music , 39.99 , 72 , 24-07-2024
44-3701324 , Cilantro Lime Rice , Food - Grains , 2.99 , 36 , 01-03-2024
15-1615963 , Pumpkin Ice Cream , Food - Frozen Foods , 4.99 , 100 , 30-03-2024
55-4674345 , Ground Turkey , Food - Meat , 5.49 , 32 , 05-10-2024
14-1945420 , Magnetic Screen Door , Outdoor , 24.99 , 55 , 29-09-2024
34-7908277 , Baked Potato Chips , Food - Snacks , 2.49 , 27 , 03-04-2024
72-4927468 , Kids' Science Experiment Kit , Toys , 29.99 , 58 , 30-05-2024
83-8679386 , Yoga Mat , Fitness , 25 , 42 , 06-08-2024
71-1456026 , Brownie Bites , Food - Baked Goods , 4.99 , 60 , 03-04-2024
96-5779085 , Black Bean & Corn Salad , Food - Salads , 3.99 , 12 , 30-04-2024
13-2694219 , Smart WiFi Plug , Smart Home , 19.99 , 11 , 15-08-2024
59-9799006 , Roasted Sweet Corn , Food - Frozen , 1.99 , 60 , 25-09-2024
03-6980572 , Sports Water Bottle with Infuser , Fitness , 19.99 , 67 , 20-10-2024
58-7635817 , Organic Vanilla Bean Ice Cream , Food - Frozen Desserts , 5.99 , 46 , 14-11-2024
74-5845641 , Portable Projector , Electronics , 199.99 , 64 , 26-08-2024
75-3059468 , Basil Tomato Soup , Food - Canned Soups , 2.99 , 40 , 01-03-2024
87-6766808 , Body Pillow Case , Home , 14.99 , 96 , 29-06-2024
99-1092272 , Reflective Safety Vest , Safety , 19.99 , 29 , 12-10-2024
43-9635338 , Mini Indoor Hydroponic Garden , Garden , 59.99 , 43 , 28-07-2024
55-8302642 , Premium Flashlight , Outdoor , 19.99 , 34 , 18-11-2024
37-4133986 , Electronic Drum Kit , Music , 359.99 , 42 , 31-03-2024
68-2305943 , Portable Massage Gun , Health , 79.99 , 81 , 20-12-2024
61-4852569 , Tomato Sauce , Food - Canned Goods , 2.79 , 68 , 06-11-2024
09-6067512 , Non-Stick Baking Sheets , Kitchen , 29.99 , 75 , 19-12-2024
53-2093804 , Nordic Berry Smoothie , Food - Frozen Foods , 3.99 , 5 , 19-04-2024
81-7880935 , Bluetooth Shower Speaker , Audio , 24.99 , 87 , 31-10-2024
33-2842828 , Compact Umbrella , Accessories , 12.99 , 75 , 04-02-2024
98-6113870 , Honey Roasted Chickpeas , Food - Snacks , 3.29 , 70 , 02-07-2024
77-0079350 , Spicy Beef Taco Mix , Food - Condiments , 1.99 , 31 , 15-09-2024
90-7022603 , Smartphone Projector , Electronics , 29.99 , 49 , 17-08-2024
54-8651168 , Pet Travel Bed , Pets , 26.99 , 83 , 04-04-2024
93-1528265 , Miso Dressing , Food - Dressings , 3.49 , 51 , 16-03-2024
78-1189240 , Coffee Making Kit , Kitchen , 44.99 , 43 , 15-03-2024
31-9690582 , Almond Butter , Food - Condiments , 6.49 , 24 , 04-06-2024
87-8941825 , Cucumber , Food - Produce , 0.99 , 7 , 14-12-2024
50-1249505 , Almond Joy Bars , Food - Confectionery , 1.29 , 71 , 24-01-2024
38-9835445 , Travel Hair Straightener , Beauty , 29.99 , 43 , 06-05-2024
04-5113751 , Sour Cream , Food - Dairy , 3.49 , 94 , 23-07-2024
28-0604964 , Fishing Tackle Box , Outdoor , 24.99 , 48 , 25-08-2024
60-7479720 , Home Cleaning Robot , Home Appliances , 249.99 , 44 , 27-08-2024
75-9668908 , Pepperoni Pizza Roll-Ups , Food - Frozen Foods , 5.99 , 77 , 31-01-2024
82-2641381 , Scented Candles , Home , 19.99 , 11 , 23-02-2024
08-1170539 , Tailgating Set , Outdoor , 89.99 , 52 , 28-11-2024
09-5918268 , Almond Flour Tortillas , Food - Baking & Cooking , 4.99 , 70 , 08-10-2024
75-8825129 , Art Supplies Organizer , Art Supplies , 18.99 , 30 , 15-04-2024
00-0329678 , Vacuum Sealer Machine , Kitchen , 89.99 , 41 , 25-05-2024
02-3702015 , Frozen Edamame , Food - Frozen Foods , 3.29 , 49 , 09-05-2024
96-6334499 , Pecan Nuts , Food - Snacks , 6.49 , 13 , 16-04-2024
83-6935048 , LED Christmas Lights , Home , 29.99 , 93 , 22-09-2024
55-2875662 , Pesto Genovese , Food - Condiments , 6.49 , 73 , 27-01-2024
13-4896970 , Fitness Tracker , Fitness , 49.99 , 70 , 23-08-2024
80-7373854 , Water-Resistant Bluetooth Speaker , Audio , 59.99 , 86 , 05-01-2024
90-8041376 , Scented Candle Set , Home , 24.99 , 17 , 02-06-2024
74-7382085 , Lentils , Food - Grains , 2.99 , 84 , 02-08-2024
86-5376106 , Honey Almond Granola Bars , Food - Snacks , 3.99 , 10 , 05-03-2024
93-7697436 , Mango Chunks , Food - Frozen Fruits , 4.89 , 51 , 08-12-2024
15-4713752 , Oven-Baked Sweet Potato Fries , Food - Frozen Foods , 3.99 , 86 , 05-08-2024
83-7346044 , Pine Nuts , Food - Nuts , 7.99 , 14 , 09-12-2024
90-7826609 , Roasted Garlic Mashed Potatoes , Food - Frozen Foods , 3.99 , 44 , 17-12-2024
09-3775934 , Feta Cheese , Food - Dairy , 4.99 , 38 , 17-02-2024
38-0931400 , Electronic Drum Kit , Music , 359.99 , 89 , 13-11-2024
91-8022233 , Honey mustard chicken tenders , Food - Meat , 7.99 , 78 , 28-06-2024
82-0519707 , Puzzle , Toys , 27.99 , 11 , 03-06-2024
71-9102298 , Californian Raisins , Food - Dried Fruits , 3.19 , 34 , 10-01-2024
85-8871420 , Stainless Steel Water Pitcher , Kitchen , 39.99 , 43 , 19-11-2024
08-5601239 , BBQ Sauce , Food - Condiments , 3.49 , 8 , 14-08-2024
78-7018044 , Wooden Kitchen Utensil Set , Kitchen , 19.99 , 70 , 15-04-2024
50-3866494 , Kettle BBQ Grill , Outdoor , 99.99 , 35 , 10-10-2024
98-8496908 , Coconut Curry Lentil Soup , Food - Canned Goods , 3.99 , 32 , 31-03-2024
70-3282983 , Kombucha Drink , Food - Beverages , 3.49 , 82 , 10-01-2024
03-2666588 , Classic Leather Wallet , Clothing - Accessories , 34.99 , 50 , 20-11-2024
70-1237302 , Pumpkin Pie Spice , Food - Baking , 2.99 , 83 , 06-05-2024
81-0842054 , LED Desk Light , Home , 34.99 , 12 , 08-06-2024
12-8238762 , Coffee Subscription Service , Food , 29.99 , 86 , 05-08-2024
19-3159593 , Bock Beer Mustard , Food - Condiments , 2.29 , 31 , 23-12-2024
74-2498163 , Sea Salt Caramel Brownie , Food - Bakery , 2.49 , 74 , 25-02-2024
39-1700777 , Chocolate Chip Pancake Mix , Food - Bakery , 3.99 , 28 , 22-09-2024
26-6089323 , Elderberry Syrup Kit , Health , 22.99 , 40 , 26-06-2024
70-2061738 , Digital Meat Thermometer , Kitchen , 24.99 , 55 , 13-01-2024
67-6953333 , Face Mask Set , Health , 19.99 , 36 , 18-09-2024
92-4945730 , Trainers with Mesh Inserts , Clothing - Footwear , 69.99 , 59 , 14-02-2024
71-9435811 , Heavy Duty Gardening Tool Set , Garden , 49.99 , 24 , 06-05-2024
31-3938501 , Digital Meat Thermometer , Kitchen , 24.99 , 37 , 10-07-2024
82-3872722 , Vegetable Potstickers , Food - Frozen Food , 5.99 , 1 , 29-07-2024
93-1507568 , Portable Speaker Stand , Audio , 39.99 , 77 , 15-09-2024
64-8423822 , LED Under Cabinet Lighting , Home , 29.99 , 29 , 22-11-2024
24-6838887 , Spicy Roasted Nuts , Food - Snacks , 4.99 , 65 , 11-07-2024
36-8678263 , Leather Biker Jacket , Clothing - Outerwear , 129.99 , 89 , 26-10-2024
45-2951820 , Microfiber Cleaning Cloth Set , Home , 9.99 , 82 , 11-06-2024
98-6586491 , Cocktail Shaker Set , Kitchen , 29.99 , 5 , 17-08-2024
32-6741275 , Italian Pasta , Food - Grains , 2.29 , 54 , 06-11-2024
90-5082005 , Foldable Picnic Table , Outdoor , 49.99 , 59 , 31-10-2024
18-3465166 , High-Top Leather Boots , Clothing - Footwear , 99.99 , 85 , 09-06-2024
36-6022513 , Instant Pot , Kitchen , 89.99 , 50 , 09-11-2024
76-3651618 , Silicone Baking Cups , Kitchen , 10.99 , 2 , 12-12-2024
66-0632864 , Wooden Blocks , Toys , 24.99 , 9 , 21-05-2024
80-0027211 , Roasted Garlic Butter , Food - Condiments , 3.29 , 38 , 20-04-2024
46-8203869 , Pressure Washer Accessories Kit , Home Improvement , 39.99 , 27 , 24-12-2024
89-1685351 , Vegetable Lentil Soup , Food - Canned Goods , 3.49 , 100 , 10-06-2024
29-8544302 , Pita Bread , Food - Bakery , 2.99 , 90 , 14-10-2024
80-2979602 , Portable Speakers , Audio , 69.99 , 82 , 03-06-2024
14-3267607 , Savory Oats , Food - Breakfast , 2.49 , 4 , 01-04-2024
95-3658959 , Adjustable Laptop Desk , Office , 59.99 , 74 , 25-09-2024
31-3629747 , Guitar Tuner , Music , 19.99 , 41 , 02-06-2024
52-3982103 , Insulated Lunch Bag , Kitchen , 24.99 , 5 , 07-01-2024
04-0384940 , Fresh Basil , Food - Produce , 1.99 , 58 , 28-02-2024
25-5014302 , Pressure Washer Accessories Kit , Home Improvement , 39.99 , 74 , 18-07-2024
12-2184745 , Buffalo Wing Sauce , Food - Condiments , 3.99 , 60 , 18-11-2024
21-6872340 , Maple Chipotle Glaze , Food - Condiments , 3.49 , 74 , 29-04-2024
61-0443336 , Oven-Baked Parmesan Zucchini , Food - Frozen Vegetables , 4.99 , 45 , 29-09-2024
31-7261739 , Frozen Burritos , Food - Frozen Foods , 8.99 , 64 , 23-11-2024
00-9248946 , Sliced Ham , Food - Meat , 5.49 , 63 , 20-06-2024
11-3832015 , Winter Insulated Jacket , Clothing , 89.99 , 60 , 28-11-2024
41-1146336 , Electric Wine Opener , Kitchen , 29.99 , 2 , 08-08-2024
21-9831971 , Oats , Food - Grains , 3.29 , 70 , 28-01-2024
70-5479865 , Herbal Tea Sampler Box , Food , 29.99 , 41 , 08-02-2024
76-0480373 , Foldable Picnic Table , Outdoor , 49.99 , 90 , 27-12-2024
81-4708242 , Coffee Maker , Kitchen , 89.99 , 79 , 18-08-2024
81-5503073 , Toasted Coconut Granola , Food - Breakfast , 4.99 , 87 , 28-09-2024
04-4497789 , Mixed Berry Smoothie Pack , Food - Frozen Food , 5.99 , 66 , 09-02-2024
54-9525318 , Rechargeable Battery Organizer , Home , 17.99 , 24 , 13-07-2024
20-2959116 , Peanut Butter Filled Pretzels , Food - Snacks , 3.99 , 60 , 08-02-2024
08-6571288 , Mango Chutney , Food - Condiments , 3.99 , 7 , 19-02-2024
10-8256441 , Fashionable Fanny Pack , Clothing - Accessories , 24.99 , 62 , 02-08-2024
81-4006530 , Saffron Rice Mix , Food - Grains , 2.99 , 10 , 20-06-2024
85-5902110 , Honey BBQ Ribs , Food - Meat , 12.99 , 84 , 08-09-2024
24-3505911 , LED Table Lamp , Home , 29.99 , 19 , 05-01-2024
88-0230339 , Spicy Beef Taco Mix , Food - Condiments , 1.99 , 91 , 05-01-2024
18-4926365 , Maple Syrup , Food - Condiments , 6.99 , 53 , 09-01-2024
73-1221353 , Children's Art Set , Toys , 34.99 , 65 , 19-03-2024
40-7252958 , Oven-Baked Potato Chips , Food - Snacks , 2.79 , 64 , 19-04-2024
97-3471853 , Smoky BBQ Jackfruit , Food - Grocery , 4.99 , 99 , 07-08-2024
09-8719167 , Plant-Based Cookbook , Books , 29.99 , 98 , 16-06-2024
83-1007169 , Vegan Tacos , Food - Frozen Foods , 7.49 , 33 , 07-08-2024
40-1152947 , Applewood Smoked Bacon , Food - Meat , 6.99 , 28 , 21-01-2024
77-6121102 , Vegetarian Sausage Links , Food - Meat Substitutes , 5.89 , 79 , 29-07-2024
47-4012050 , Computer Monitor Stand , Office , 29.99 , 8 , 09-02-2024
98-1823558 , Maple Almond Granola , Food - Breakfast , 5.49 , 44 , 30-07-2024
84-6924344 , Active Racerback Tank , Clothing - Tops , 24.99 , 97 , 27-04-2024
72-1359850 , Outdoor Mosquito Repellent Lantern , Outdoor , 34.99 , 70 , 24-12-2024
07-7600832 , Crispy Potato Tots , Food - Frozen Foods , 3.69 , 93 , 11-03-2024
90-7233037 , Coloring Books for Adults , Books , 14.99 , 94 , 25-08-2024
84-0183020 , Bluetooth Car Adapter , Automotive , 24.99 , 53 , 06-07-2024
37-0514605 , Portable Speakers , Audio , 69.99 , 1 , 19-09-2024
38-1487744 , Car Windshield Sun Shade , Automotive , 19.99 , 34 , 30-04-2024
93-0442581 , Electric Opener for Jars and Bottles , Kitchen , 24.99 , 22 , 09-12-2024
44-7375707 , Mayonnaise , Food - Condiments , 3.29 , 44 , 04-11-2024
00-3204995 , Traditional Hummus , Food - Dips , 3.29 , 81 , 10-01-2024
87-6334479 , Chipotle Sauce , Food - Condiments , 3.29 , 20 , 05-10-2024
09-9449191 , Comfortable Jogger Pants , Clothing - Bottoms , 29.99 , 46 , 12-03-2024
07-6500913 , Classic Caesar Salad Kit , Food - Salads , 4.99 , 49 , 04-09-2024
37-0891138 , Sunglasses , Accessories , 29.99 , 52 , 12-06-2024
38-8953839 , Dark Chocolate Covered Raisins , Food - Snacks , 3.99 , 64 , 21-08-2024
60-7400362 , Jennifer's Amazing Lip Balm Kit , Beauty , 22.99 , 35 , 28-07-2024
39-9379051 , Thai Coconut Curry Sauce , Food - Condiments , 3.99 , 62 , 06-11-2024
75-8981837 , Wireless Charger Stand , Electronics , 24.99 , 61 , 02-07-2024
97-2801350 , Home Cleaning Robot , Home Appliances , 249.99 , 25 , 17-03-2024
04-6428190 , Fitbit Activity Tracker , Fitness , 99.99 , 41 , 26-05-2024
58-1503724 , Magnetic Curtain Tiebacks , Home , 12.99 , 69 , 23-07-2024
73-9304073 , Reusable Produce Bags Set , Kitchen , 14.99 , 59 , 28-01-2024
56-6063676 , Apple Cinnamon Instant Oatmeal , Food - Cereal , 3.49 , 28 , 26-01-2024
15-9262152 , Digital Wireless Meat Thermometer , Kitchen , 39.99 , 24 , 28-04-2024
72-5436201 , Classic BBQ Sauce , Food - Condiments , 2.79 , 86 , 23-12-2024
03-7758885 , Caramel Apple Chips , Food - Snacks , 3.49 , 35 , 01-02-2024
52-2850046 , Instant Camera , Photography , 89.99 , 7 , 09-12-2024
21-7324945 , Fitness Foam Roller , Fitness , 29.99 , 67 , 20-11-2024
56-6340323 , Coffee Capsule Dispenser , Kitchen , 24.99 , 54 , 12-04-2024
44-8991202 , Thai Peanut Noodles , Food - Pasta , 4.99 , 14 , 26-05-2024
17-6908476 , Egg Noodles , Food - Grains , 2.29 , 96 , 15-07-2024
57-4317972 , Italian Herb Balsamic Marinade , Food - Condiments , 3.99 , 8 , 17-11-2024
55-0305201 , Magnetic Chess Set , Toys , 19.99 , 55 , 24-07-2024
27-0523503 , Thermostatic Shower Valve Kit , Bathroom , 39.99 , 59 , 19-09-2024
87-1772697 , Beef Enchilada Casserole , Food - Prepared Meals , 8.99 , 50 , 28-01-2024
74-2172533 , Sushi Roll Kit , Food - Cooking Kits , 9.99 , 43 , 16-10-2024
66-9221940 , Personal Security Alarm Keychain , Safety , 10.99 , 63 , 02-12-2024
12-8744113 , Glass Water Bottle , Fitness , 25.99 , 45 , 20-07-2024
41-5451696 , Portable Solar Path Lights , Outdoor , 39.99 , 22 , 11-03-2024
43-6694438 , Savory Quinoa Pudding , Food - Sides , 2.99 , 47 , 09-06-2024
34-0388496 , Wireless HDMI Receiver , Electronics , 49.99 , 91 , 26-06-2024
51-0573054 , Brussels Sprouts , Food - Produce , 3.49 , 88 , 25-11-2024
26-6129085 , Kids' Dinosaur-Themed Lunchbox , Accessories , 19.99 , 49 , 21-07-2024
06-4923477 , Bicycle Repair Kit , Outdoor , 14.99 , 35 , 06-12-2024
36-6253665 , Coconut Almond Granola , Food - Breakfast , 4.99 , 1 , 09-01-2024
46-1929699 , Baking Soda , Food - Baking , 0.99 , 29 , 24-01-2024
64-5482139 , Decorative Throw Pillows , Home , 29.99 , 49 , 31-05-2024
92-3860576 , Ginger Turmeric Shots , Food - Beverages , 3.99 , 62 , 29-05-2024
13-9505136 , Watering Can with Nozzle , Garden , 19.99 , 39 , 13-10-2024
95-2219997 , Truffle Parmesan Fries , Food - Snacks , 4.99 , 29 , 24-06-2024
80-2389124 , Set of Silicone Cooking Utensils , Kitchen , 29.99 , 58 , 16-11-2024
60-1405277 , Cauliflower Rice Stir-Fry , Food - Frozen Foods , 4.99 , 71 , 23-06-2024
55-3609283 , DIY Candle Kit , Crafts , 34.99 , 43 , 07-12-2024
94-5860331 , Sriracha Sauce , Food - Condiments , 3.19 , 7 , 31-10-2024
43-5083902 , Electric Can Opener , Kitchen , 29.99 , 6 , 24-06-2024
63-9663175 , Handmade Leather Journal , Books , 39.99 , 50 , 07-10-2024
77-2616511 , Trail Mix (Deluxe) , Food - Snacks , 4.59 , 48 , 17-02-2024
49-0164707 , Kids' Crafting Station , Toys , 49.99 , 34 , 08-11-2024
77-3771143 , Reusable Silicone Food Storage Bags , Kitchen , 19.99 , 60 , 17-07-2024
34-4924181 , Heart-Shaped Baking Molds , Kitchen , 10.99 , 28 , 06-01-2024
00-7839936 , Portable Camping Stove , Outdoor , 49.99 , 45 , 20-07-2024
97-6046730 , Body Pillow Case , Home , 14.99 , 72 , 15-01-2024
29-7867661 , Golf Polo Shirt , Clothing - Tops , 39.99 , 58 , 18-05-2024
50-8937628 , Wooden Toy Train Set , Toys , 29.99 , 4 , 01-08-2024
48-7537068 , Dried Mango Slices , Food - Snacks , 3.49 , 38 , 26-12-2024
07-5747187 , Outdoor Portable Fire Pit , Outdoor , 149.99 , 72 , 20-02-2024
17-8074608 , Dog Collar , Pets , 15.99 , 70 , 24-10-2024
10-6021148 , Dark Chocolate Raisins , Food - Snacks , 3.49 , 27 , 23-01-2024
59-4192628 , Lemon Herb Grilled Chicken , Food - Meat , 9.99 , 27 , 11-04-2024
98-3952045 , Legging Pants , Clothing - Activewear , 34.99 , 7 , 13-01-2024
61-1848740 , Coconut Rice , Food - Frozen , 2.29 , 7 , 20-09-2024
66-1934205 , Wall-Mounted Bookshelf , Home , 39.99 , 62 , 22-05-2024
30-3904716 , Silicone Ice Cube Tray , Kitchen , 10.99 , 12 , 09-12-2024
99-0547185 , Satin Slip Dress , Clothing - Dresses , 59.99 , 96 , 09-07-2024
84-7311307 , Tandoori Chicken Marinade , Food - Condiments , 2.49 , 82 , 16-02-2024
10-0660832 , Basil-infused Olive Oil , Food - Cooking Oil , 6.99 , 31 , 14-04-2024
16-9365990 , Organic Coconut Oil , Food - Oils , 8.99 , 57 , 05-04-2024
78-0459447 , Buffalo Stilton Cheese , Food - Cheese , 8.99 , 7 , 13-12-2024
36-4636478 , Collapsible Folding Chair , Outdoor , 29.99 , 31 , 14-02-2024
00-0808331 , Oats , Food - Grains , 3.29 , 73 , 20-04-2024
38-6937304 , Tuna Fish (canned) , Food - Canned Goods , 2.29 , 63 , 29-11-2024
41-0528635 , Tahini , Food - Condiments , 5.49 , 12 , 02-04-2024
15-3092152 , Almond Butter Cups , Food - Snacks , 3.29 , 96 , 17-05-2024
43-1588808 , Reversible Swimming Pool Lounger , Outdoor , 34.99 , 68 , 28-07-2024
95-1637210 , Vegetable Lentil Soup , Food - Canned Goods , 3.49 , 23 , 03-10-2024
80-7900095 , Air Purifier , Home , 129.99 , 54 , 01-03-2024
72-6914737 , Cauliflower Rice Stir-Fry , Food - Frozen Foods , 4.99 , 24 , 22-12-2024
10-1408152 , Interchangeable Watch Bands , Accessories , 24.99 , 74 , 15-06-2024
03-3006437 , Cauliflower Gnocchi , Food - Frozen Foods , 3.59 , 90 , 22-05-2024
90-9863589 , Cotton Tote Bag Set , Accessories , 29.99 , 44 , 13-01-2024
77-8914805 , Organic Baby Carrots , Food - Fresh Produce , 2.99 , 24 , 18-02-2024
93-4113358 , Fitness Resistance Bands , Fitness , 29.99 , 43 , 12-06-2024
12-4302722 , Vegetable Samosas , Food - Frozen , 4.99 , 83 , 15-12-2024
11-1028080 , Pepperoni Pizza Rolls , Food - Snacks , 6.99 , 42 , 01-10-2024
78-4998241 , Asian Stir-Fry Kit , Food - Frozen Meals , 5.49 , 37 , 22-10-2024
52-2749195 , Beef Taco Skillet , Food - Meal Kits , 8.49 , 71 , 30-08-2024
20-2736135 , Cinnamon Ice Cream , Food - Frozen Desserts , 4.99 , 9 , 14-11-2024
98-9429311 , Peanut Butter Protein Balls , Food - Snacks , 5.29 , 73 , 17-10-2024
62-9526598 , Sweet Potato and Chickpea Bowl , Food - Frozen Food , 6.49 , 12 , 17-05-2024
78-4152733 , Chia Seed Pudding , Food - Snacks , 3.99 , 28 , 17-09-2024
10-6292870 , Portable Air Pump , Outdoor , 19.99 , 60 , 08-04-2024
85-2437712 , Leather Crossbody Bag , Clothing - Bags , 89.99 , 42 , 23-06-2024
72-6921961 , Reclining Camping Chair , Outdoor , 49.99 , 14 , 14-05-2024
49-8670520 , Chocolate Mint Cookies , Food - Baking , 2.29 , 50 , 30-03-2024
98-3226118 , Ceramic Bakeware Set , Kitchen , 49.99 , 53 , 14-04-2024
68-5924694 , Underwater Camera , Photography , 199.99 , 60 , 05-01-2024
62-6492317 , Handmade Soap Making Kit , Crafts , 34.99 , 57 , 06-08-2024
92-4874876 , Sporty Cap , Clothing - Accessories , 15.99 , 4 , 15-04-2024
68-4425993 , Miso Soup Starter , Food - Soups , 2.99 , 9 , 26-02-2024
70-6389677 , Almond Milk , Food - Dairy , 3.29 , 18 , 01-08-2024
39-0551891 , Kids' Crafting Station , Toys , 49.99 , 14 , 14-08-2024
31-5199228 , Professional Chef Knife , Kitchen , 89.99 , 27 , 13-12-2024
01-9609128 , Portable Hammock Swing , Outdoor , 59.99 , 96 , 18-04-2024
69-7163948 , Coconut Chia Seed Pudding , Food - Snacks , 2.99 , 58 , 24-11-2024
55-5894037 , LED Desk Light , Home , 34.99 , 5 , 17-05-2024
16-1753050 , Rice Noodles , Food - Grains , 3.49 , 5 , 25-06-2024
12-4865020 , Desk Organizer Set , Office , 29.99 , 82 , 14-08-2024
60-5969661 , Chocolate Fudge Brownie Mix , Food - Baking , 2.99 , 87 , 26-02-2024
56-0828258 , Children's Science Experiment Lab Kit , Toys , 29.99 , 31 , 02-10-2024
31-5549563 , Garden Hose , Garden , 32.99 , 2 , 07-02-2024
37-3143132 , Children's Backpack , Accessories , 29.99 , 67 , 10-02-2024
14-2529924 , Organic Brown Rice Cakes , Food - Snacks , 3.99 , 44 , 06-12-2024
01-9319521 , Portable Pet Pooper Scooper , Pets , 12.99 , 14 , 23-02-2024
87-7934777 , Falafel Mix , Food - Baking & Cooking , 2.79 , 15 , 25-09-2024
37-8564847 , Peas (frozen) , Food - Frozen Foods , 1.89 , 88 , 06-09-2024
17-1122773 , Crispy Kale Chips , Food - Snacks , 2.99 , 66 , 11-03-2024
47-2193462 , Suede Ankle Booties , Clothing - Footwear , 79.99 , 94 , 19-11-2024
31-4916798 , Athletic Sports Bra , Clothing - Activewear , 24.99 , 73 , 10-03-2024
10-8387758 , Hot Salsa , Food - Dips , 2.29 , 35 , 10-01-2024
32-1742311 , Mobile Workbench , Tools , 199.99 , 46 , 12-01-2024
46-4758602 , 3D Night Light , Home , 19.99 , 17 , 18-07-2024
94-3579275 , Sweet Potato and Chickpea Bowl , Food - Frozen Food , 6.49 , 64 , 05-08-2024
02-3033069 , Diced Tomatoes (canned) , Food - Canned Goods , 1.49 , 68 , 13-03-2024
22-8499079 , Savory Oats , Food - Breakfast , 2.49 , 93 , 18-12-2024
28-6618689 , Honeycrisp Apple Chips , Food - Snacks , 3.49 , 34 , 15-10-2024
54-2420413 , Portable Camping Stove , Outdoor , 49.99 , 98 , 18-05-2024
86-1327694 , Wall-Mounted Wine Rack , Home , 39.99 , 14 , 25-10-2024
93-4249537 , Spice Rack , Kitchen , 39.99 , 55 , 29-05-2024
20-1251949 , Flavored Popcorn Mix , Food - Snacks , 2.99 , 29 , 19-11-2024
71-0531700 , Baking Powder , Food - Baking Goods , 1.79 , 9 , 25-11-2024
80-5291527 , Roasted Garlic Pasta Sauce , Food - Sauces , 4.99 , 99 , 10-12-2024
58-4660579 , Professional Chef Knife , Kitchen , 89.99 , 36 , 10-03-2024
56-4257815 , Roasted Red Pepper Hummus , Food - Dips , 3.49 , 15 , 30-07-2024
60-9644049 , Portable Campfire , Outdoor , 39.99 , 76 , 15-04-2024
14-9767006 , Honey Nut Cheerios , Food - Cereal , 4.29 , 16 , 19-03-2024
48-1008490 , Organic Apples , Food - Produce , 1.89 , 30 , 17-03-2024
17-5284112 , Apple Cinnamon Oatmeal , Food - Breakfast , 2.89 , 72 , 08-12-2024
53-3283492 , Electric Rice Cooker , Kitchen , 39.99 , 10 , 26-02-2024
81-2042232 , Fitness Mat , Fitness , 49.99 , 40 , 13-10-2024
54-6228988 , Indoor Plants , Garden , 19.99 , 58 , 02-01-2024
99-7998875 , Caramel Sauce , Food - Condiments , 3.49 , 9 , 10-10-2024
68-3090632 , Dog Training Collar , Pets , 39.99 , 69 , 09-09-2024
84-4173682 , Smart LED Light Strip , Home , 29.99 , 65 , 19-11-2024
01-7923379 , Memory Foam Pillow , Home , 39.99 , 69 , 02-12-2024
06-4775831 , Herb Garden Planter Box , Garden , 49.99 , 99 , 10-02-2024
92-9316400 , Coconut Cream Pie , Food - Bakery , 9.49 , 14 , 04-06-2024
81-0698350 , Outdoor Mosquito Repellent Lantern , Outdoor , 34.99 , 6 , 20-02-2024
57-4324282 , Peanut Butter Cookies , Food - Bakery , 3.49 , 79 , 18-08-2024
50-7630766 , Patterned Knit Scarf , Clothing - Accessories , 25.99 , 98 , 05-03-2024
49-6520206 , Honey Roasted Peanuts , Food - Snacks , 3.19 , 17 , 14-01-2024
79-3629865 , High-Quality Yoga Mat , Fitness , 34.99 , 62 , 30-10-2024
44-1183147 , Black Bean Soup , Food - Soups , 3.49 , 68 , 21-03-2024
07-7485507 , Butternut Squash Soup , Food - Soups , 3.49 , 16 , 16-11-2024
70-2096775 , Self-Inflating Camping Mattress , Outdoor , 49.99 , 26 , 05-03-2024
42-6436606 , Maple Cinnamon Almonds , Food - Nuts , 4.29 , 28 , 22-08-2024
81-5844495 , Smoked Salmon , Food - Seafood , 14.99 , 47 , 17-06-2024
59-0187830 , Organic Chia Seeds , Food - Health Foods , 7.99 , 64 , 29-04-2024
44-4266546 , Classic Cheeseburger Mix , Food - Meats , 5.49 , 90 , 18-03-2024
78-7114614 , Cordless Electric Screwdriver , Tools , 39.99 , 87 , 24-08-2024
43-9779334 , Portable Charcoal Grill , Outdoor , 89.99 , 44 , 01-10-2024
23-5990300 , Lemon Dill Chicken Skewers , Food - Meat , 9.99 , 25 , 28-09-2024
32-5474654 , Baking Soda , Food - Baking , 0.99 , 81 , 05-12-2024
04-7613336 , Robot Vacuum Cleaner , Home Appliances , 299.99 , 87 , 30-09-2024
74-8396634 , Graphic Hoodie , Clothing - Outerwear , 49.99 , 81 , 02-07-2024
62-4622944 , Peach Yogurt , Food - Dairy , 1.29 , 14 , 22-10-2024
40-8263789 , Green Smoothie Mix , Food - Beverages , 5.99 , 27 , 13-12-2024
95-4307270 , Comfortable Jogger Pants , Clothing - Bottoms , 29.99 , 37 , 11-11-2024
21-0433232 , Nordic Berry Smoothie , Food - Frozen Foods , 3.99 , 61 , 25-09-2024
02-8027638 , Garlic Breadsticks , Food - Sides , 3.49 , 83 , 20-08-2024
39-8974914 , Adjustable Skipping Rope , Fitness , 12.99 , 92 , 15-09-2024
02-5479123 , Bicycle Repair Kit , Outdoor , 14.99 , 26 , 29-03-2024
55-8354180 , Noise Reduction Headphones , Audio , 39.99 , 70 , 31-08-2024
61-2337255 , Collapsible Pet Dog Bowl , Pets , 9.99 , 82 , 03-12-2024
19-0866739 , Smartphone Gimbal Stabilizer , Photography , 89.99 , 72 , 12-04-2024
71-7637266 , Outdoor Fire Pit , Outdoor , 149.99 , 16 , 14-05-2024
73-5797170 , Essential White Button-Up , Clothing - Shirts , 44.99 , 8 , 05-03-2024
53-0525405 , Pet Food Storage Container , Pets , 24.99 , 62 , 17-12-2024
98-8727584 , Chicken Salad Kit , Food - Prepared Foods , 5.99 , 18 , 03-01-2024
89-7293370 , Savory Quinoa Pudding , Food - Sides , 2.99 , 41 , 28-03-2024
41-8476941 , Herbal Tea Set , Food , 19.99 , 70 , 10-06-2024
93-6153361 , Glass Water Bottle , Fitness , 25.99 , 42 , 24-02-2024
53-1926868 , Luxury Yoga Mat , Fitness , 39.99 , 94 , 21-07-2024
59-8867955 , Chocolate Chip Energy Balls , Food - Snacks , 3.99 , 41 , 06-07-2024
68-3003097 , Cabbage Slaw Mix , Food - Vegetables , 2.29 , 24 , 11-08-2024
86-5012344 , Frozen Vegetarian Pizza , Food - Frozen Meals , 6.49 , 43 , 26-05-2024
79-5937651 , Coconut Curry Lentil Soup , Food - Canned Goods , 3.99 , 65 , 20-06-2024
01-5786821 , Acoustic Guitar , Music , 199.99 , 89 , 06-04-2024
26-5799279 , Luxury Rolling Makeup Case , Beauty , 99.99 , 63 , 12-04-2024
29-6639313 , Fridge Magnet Set , Home , 15.99 , 37 , 09-04-2024
70-7878571 , Chipotle Black Bean Burger , Food - Meats , 4.99 , 22 , 13-11-2024
82-0888001 , Lasagna Noodles , Food - Pasta , 1.89 , 39 , 01-09-2024
89-3076371 , Non-Stick Crepe Pan , Kitchen , 29.99 , 99 , 25-10-2024
58-0429263 , Organic Green Tea , Food - Beverages , 4.29 , 25 , 12-08-2024
57-3649311 , Digital Alarm Clock , Home , 19.99 , 17 , 05-02-2024
35-3115456 , Mini Electric Kettle , Kitchen , 29.99 , 33 , 10-10-2024
63-6846746 , Toilet Paper (12 rolls) , Food - Household , 8.99 , 84 , 03-09-2024
51-2220454 , Dog Car Seat Cover , Pets , 39.99 , 100 , 14-09-2024
42-8341798 , Applewood Smoked Bacon , Food - Meat , 6.99 , 72 , 14-02-2024
08-8352425 , Mesh Sports Leggings , Clothing - Activewear , 39.99 , 62 , 14-01-2024
69-6964921 , Savory Snack Mix , Food - Snacks , 4.49 , 55 , 07-07-2024
61-2803611 , Dog Walking Waist Pack , Pets , 19.99 , 38 , 23-03-2024
85-3108433 , Brownie Bites , Food - Baked Goods , 4.99 , 88 , 02-08-2024
90-1055617 , Peanut Butter Filled Pretzels , Food - Snacks , 3.99 , 9 , 13-01-2024
15-4490951 , Electric Rice Cooker , Kitchen , 39.99 , 25 , 01-06-2024
50-8979992 , Scented Candle Set , Home , 24.99 , 51 , 11-04-2024
11-4668274 , Deep Tissue Massage Gun , Health , 89.99 , 93 , 25-09-2024
55-0859323 , Compact Pop-Up Tent , Outdoor , 69.99 , 45 , 30-10-2024
76-2215235 , Pepper Jack Cheese Slices , Food - Dairy , 3.49 , 59 , 08-05-2024
45-7427445 , DIY Lip Balm Kit , Crafts , 22.99 , 91 , 24-07-2024
67-0002683 , Frozen Hash Browns , Food - Frozen Foods , 2.99 , 35 , 25-06-2024
07-6894125 , Portable Pet Stroller , Pets , 89.99 , 14 , 15-01-2024
98-6771452 , Breezy Off-The-Shoulder Top , Clothing - Tops , 34.99 , 98 , 13-07-2024
94-7184554 , Crispy Onion Rings , Food - Frozen Foods , 4.29 , 84 , 03-06-2024
77-1808103 , Bike Helmet , Bicycles , 34.99 , 79 , 06-01-2024
27-5640527 , Sliced Olives , Food - Condiments , 1.99 , 84 , 20-11-2024
08-8643438 , Memory Foam Mattress Pad , Home , 69.99 , 28 , 01-08-2024
81-9393649 , Athletic Jogging Jacket , Clothing - Outerwear , 49.99 , 35 , 04-11-2024
09-3729423 , Cranberry Orange Juice , Food - Beverages , 2.49 , 40 , 12-09-2024
11-7965683 , Organic Apples , Food - Produce , 1.89 , 93 , 09-03-2024
97-7019634 , Pineapple Salsa , Food - Condiments , 4.29 , 91 , 17-08-2024
14-7244228 , Self-Cleaning Water Bottle , Fitness , 49.99 , 55 , 17-09-2024
22-4095241 , Survival Gear Kit , Outdoor , 59.99 , 66 , 25-04-2024
54-4962713 , Sliced Cheese , Food - Dairy , 4.49 , 100 , 27-03-2024
96-6237411 , Wooden Children's Play Kitchen , Toys , 129.99 , 56 , 14-12-2024
73-5815024 , Cinnamon Raisin Bagels , Food - Bakery , 4.19 , 40 , 16-02-2024
31-1368618 , Car Seat Organizer , Automotive , 14.99 , 100 , 24-12-2024
66-7571047 , Shredded Cheese , Food - Dairy , 4.29 , 16 , 03-09-2024
62-6035176 , Corn Tortillas , Food - Bakery , 2.49 , 74 , 02-05-2024
53-6856427 , Fashionable Fanny Pack , Clothing - Accessories , 24.99 , 71 , 02-11-2024
73-0772112 , Herb Seasoned Couscous , Food - Grains , 2.49 , 64 , 19-05-2024
84-1458368 , Self-Inflating Camping Mattress , Outdoor , 49.99 , 14 , 21-01-2024
86-3550931 , Chocolate Raspberry Tart , Food - Bakery , 9.99 , 96 , 25-03-2024
36-2693745 , Basil Tomato Soup , Food - Canned Soups , 2.99 , 23 , 25-10-2024
19-5051530 , Classic Cheeseburger Mix , Food - Meats , 5.49 , 59 , 18-08-2024
30-8323497 , Californian Raisins , Food - Dried Fruits , 3.19 , 25 , 29-01-2024
13-8780404 , Paprika , Food - Spices , 1.79 , 80 , 26-05-2024
31-4946914 , Pet Hair Vacuum Attachment , Pets , 14.99 , 35 , 12-08-2024
13-7907191 , Magnetic Spice Jars , Kitchen , 24.99 , 28 , 09-06-2024
26-2350792 , Instant Mashed Potatoes , Food - Sides , 1.79 , 42 , 14-06-2024
36-1019709 , Ethical Wool Scarf , Clothing - Accessories , 29.99 , 88 , 21-04-2024
93-8075650 , Frozen Pizza , Food - Frozen Foods , 7.99 , 77 , 18-08-2024
80-8020941 , Dog Training Clicker , Pets , 5.99 , 82 , 26-08-2024
91-3133961 , Spiralizer , Kitchen , 22.99 , 93 , 11-08-2024
75-0860295 , Insulated Sport Tumbler , Fitness , 22.99 , 19 , 14-04-2024
15-8849761 , Classic Leather Wallet , Clothing - Accessories , 34.99 , 54 , 07-07-2024
29-6851227 , Wooden Kitchen Utensil Set , Kitchen , 19.99 , 9 , 27-12-2024
74-7200166 , Sesame Garlic Stir-Fry Sauce , Food - Sauces , 2.79 , 68 , 11-11-2024
64-9050748 , Home Office Chair , Furniture , 199.99 , 22 , 02-06-2024
61-8759126 , Decorative Wall Tapestry , Home , 34.99 , 65 , 17-01-2024
87-0383337 , Wall-Mounted Spice Rack , Kitchen , 39.99 , 17 , 22-06-2024
91-3184617 , Electric Heat Press Machine , Crafts , 99.99 , 38 , 21-01-2024
40-2872042 , Multi-Purpose Plant Care Tool , Garden , 24.99 , 21 , 23-04-2024
84-7633787 , Apple Cinnamon Oatmeal , Food - Breakfast , 2.89 , 97 , 13-07-2024
17-7543828 , Teriyaki Beef Jerky , Food - Snacks , 5.49 , 24 , 20-04-2024
37-8968779 , Ethical Wool Scarf , Clothing - Accessories , 29.99 , 86 , 12-08-2024
89-9595200 , Pet Carrier , Pets , 39.99 , 81 , 12-12-2024
63-6149961 , Insulated Cooler , Outdoor , 39.99 , 75 , 06-07-2024
24-2873507 , Essential Oil Roller Bottles , Health , 19.99 , 44 , 22-07-2024
84-4163187 , Spicy Garlic Edamame , Food - Snacks , 3.99 , 38 , 02-10-2024
35-3058271 , Organic Coconut Water , Food - Beverages , 2.79 , 62 , 29-03-2024
13-2785938 , Artisan Pickles , Food - Condiments , 2.49 , 87 , 18-10-2024
91-6142224 , Electric Kettle , Kitchen , 39.99 , 6 , 27-07-2024
08-5114367 , Silicone Baking Cups , Kitchen , 10.99 , 12 , 27-10-2024
87-1902502 , Buffalo Wing Sauce , Food - Condiments , 3.99 , 41 , 07-10-2024
80-7344469 , Organic Whole Wheat Flour , Food - Baking Goods , 2.99 , 72 , 25-09-2024
51-6993130 , Blue Denim Jeans , Clothing - Bottoms , 49.99 , 77 , 21-06-2024
63-4152209 , Classic Minestrone Soup , Food - Soups , 2.99 , 58 , 23-01-2024
13-4785978 , Compact Dishwasher , Home Appliances , 299.99 , 35 , 12-09-2024
67-5192294 , Thai Green Curry Paste , Food - Sauces , 2.49 , 29 , 18-05-2024
36-0502910 , Wall Calendar , Home , 17.99 , 69 , 05-09-2024
35-8046442 , A-Line Skirt , Clothing - Bottoms , 35.99 , 49 , 14-08-2024
53-9270820 , Active Racerback Tank , Clothing - Tops , 24.99 , 1 , 27-10-2024
63-4642776 , Crispy Chickpeas , Food - Snacks , 2.99 , 97 , 26-12-2024
00-7944476 , Spicy BBQ Sauce , Food - Condiments , 3.99 , 7 , 29-01-2024
34-4094959 , Herbed Mushroom Risotto , Food - Prepared Foods , 5.49 , 22 , 16-06-2024
66-2449089 , Microfiber Cleaning Cloth Set , Home , 9.99 , 60 , 19-11-2024
08-9364479 , Plant Pot Drip Trays , Garden , 9.99 , 56 , 04-12-2024
13-3673829 , Chewy Granola Bars , Food - Snacks , 3.49 , 97 , 01-03-2024
75-4609975 , LED Flashing Pet Collar , Pets , 14.99 , 25 , 08-03-2024
10-6544727 , Lemon Dill Salmon , Food - Seafood , 9.99 , 44 , 25-01-2024
94-7215736 , DIY Candle Making Kit , Crafts , 22.99 , 54 , 24-09-2024
53-1608694 , Safety Goggles , Safety , 14.99 , 9 , 21-01-2024
51-6099950 , Mango Chilli Sauce , Food - Condiments , 3.99 , 77 , 04-07-2024
11-3411744 , Lemonade Mix , Food - Beverages , 1.99 , 1 , 27-04-2024
89-8626887 , Leek and Potato Soup , Food - Soups , 3.29 , 48 , 12-10-2024
71-9086567 , Reusable Coffee Filter , Kitchen , 10.99 , 2 , 21-06-2024
67-8797130 , Dark Chocolate Covered Pretzels , Food - Snacks , 3.99 , 6 , 06-08-2024
94-1989680 , Baby Monitor , Baby , 79.99 , 50 , 12-07-2024
59-8275633 , Self-Watering Planters , Garden , 49.99 , 52 , 10-07-2024
98-1379888 , Electric Rice Cooker , Kitchen , 39.99 , 52 , 14-01-2024
99-2923718 , Window Bird Feeder with Suction Cups , Outdoor , 28.99 , 35 , 22-07-2024
10-6483656 , Wireless HDMI Transmitter , Electronics , 79.99 , 52 , 21-09-2024
92-3304329 , Matcha Green Tea Powder , Food - Beverages , 14.99 , 28 , 04-04-2024
27-0302817 , Mashed Sweet Potatoes , Food - Sides , 3.99 , 98 , 13-06-2024
20-7409435 , Portable Electric Fan , Home , 24.99 , 51 , 23-07-2024
35-6929521 , Silicone Baking Mat , Kitchen , 15.99 , 23 , 22-07-2024
41-9053238 , Organic Apples , Food - Produce , 1.89 , 95 , 24-08-2024
09-3292337 , Pet Travel Carrier , Pets , 39.99 , 14 , 26-02-2024
00-5939353 , Insulated Cooler , Outdoor , 39.99 , 48 , 14-12-2024
97-5351563 , Gluten-Free Bread , Food - Bakery , 5.49 , 5 , 12-09-2024
82-0044585 , Vegetable Stir Fry Mix , Food - Fresh Produce , 3.29 , 80 , 03-11-2024
32-8675617 , Vegetarian Stuffed Peppers , Food - Prepared Foods , 4.99 , 5 , 19-11-2024
36-8548298 , Avocados , Food - Produce , 1.5 , 71 , 09-06-2024
92-3860940 , Almond Flour Pizza Crust , Food - Frozen Foods , 7.99 , 65 , 10-01-2024
31-5704678 , Garden Tool Set , Garden , 34.99 , 40 , 15-10-2024
65-9011178 , Garlic Naan Bread , Food - Bakery , 3.99 , 31 , 28-03-2024
60-5766977 , Pet Grooming Kit , Pets , 39.99 , 62 , 20-02-2024
47-2059753 , Desk Organizer Set , Office , 29.99 , 12 , 11-09-2024
51-0365912 , Herbed Mushroom Risotto , Food - Prepared Foods , 5.49 , 6 , 08-02-2024
55-9846257 , Scented Soy Candles , Home , 19.99 , 75 , 30-12-2024
30-4501408 , Spicy Tuna Salad , Food - Seafood , 4.49 , 95 , 30-12-2024
13-9271871 , Smoked Paprika , Food - Spices , 2.99 , 10 , 26-08-2024
64-5517874 , Car Vacuum Cleaner , Automotive , 39.99 , 28 , 22-11-2024
37-7547273 , Chocolate Fudge Brownie Mix , Food - Baking , 2.99 , 78 , 11-08-2024
75-7035213 , Outdoor String Lights , Outdoor , 24.99 , 42 , 13-09-2024
24-7140894 , Digital Wireless Meat Thermometer , Kitchen , 39.99 , 26 , 22-02-2024
00-7007625 , Herb Garden Planter Box , Garden , 49.99 , 79 , 02-06-2024
11-6507019 , Pet Caress Brush , Pets , 12.99 , 75 , 24-12-2024
02-4695643 , Electric Griddle , Kitchen , 54.99 , 82 , 29-01-2024
33-6905934 , Coconut Cream Pie Yogurt , Food - Dairy Alternatives , 1.99 , 75 , 08-08-2024
34-5471401 , Weighted Jump Rope with Counter , Fitness , 14.99 , 78 , 17-09-2024
89-7735344 , Sweet Chili Thai Sauce , Food - Condiments , 3.49 , 44 , 10-12-2024
61-5087784 , Cotton Tote Bag Set , Accessories , 29.99 , 93 , 01-05-2024
39-5012049 , Classic Cheesecake Mix , Food - Desserts , 4.99 , 9 , 05-07-2024
36-8152539 , Cat Tree with Scratching Posts , Pets , 79.99 , 15 , 31-08-2024
17-0036389 , Honey Mustard Sauce , Food - Condiments , 3.29 , 100 , 12-04-2024
25-2464325 , Set of Herb Garden Markers , Garden , 8.99 , 21 , 19-09-2024
38-3039505 , Mashed Sweet Potatoes , Food - Sides , 3.99 , 95 , 17-06-2024
30-7296568 , Tofu , Food - Meat Alternatives , 2.49 , 43 , 31-07-2024
25-4653440 , Crispy Rice Treats , Food - Snacks , 3.5 , 47 , 27-11-2024
13-8003295 , Spicy Tuna Rolls , Food - Seafood , 6.49 , 96 , 31-03-2024
99-5550285 , Smartphone Gimbal , Electronics , 89.99 , 68 , 21-12-2024
10-7785670 , Party Mini Dress , Clothing - Dresses , 69.99 , 22 , 18-06-2024
07-8636765 , Eco-Friendly Stainless Steel Straws , Kitchen , 12.99 , 81 , 09-06-2024
14-8085104 , Green Smoothie Mix , Food - Beverages , 5.99 , 47 , 23-04-2024
00-4272835 , Fire Roasted Salsa , Food - Condiments , 2.49 , 26 , 22-05-2024
11-5812919 , Energy Protein Bars , Food - Snacks , 2.29 , 70 , 13-08-2024
62-6258018 , Roasted Garlic Pasta Sauce , Food - Sauces , 4.99 , 97 , 27-04-2024
48-2291477 , Dark Chocolate Raisins , Food - Snacks , 3.49 , 1 , 24-12-2024
18-0078443 , Ice Cream , Food - Frozen Foods , 5.99 , 39 , 19-10-2024
12-7017743 , Rice Pilaf Mix , Food - Grains , 2.59 , 4 , 26-02-2024
82-4156294 , Electric Hot Pot , Kitchen , 49.99 , 26 , 27-05-2024
89-7324869 , Frozen Acai Bowl , Food - Frozen Foods , 6.49 , 31 , 16-02-2024
00-2777766 , Almond Flour Brownies , Food - Baking , 5.99 , 48 , 15-07-2024
30-6573793 , Beef Stroganoff Meal Kit , Food - Frozen Meals , 12.99 , 81 , 17-05-2024
38-3600411 , Heavy-Duty Utility Tote , Accessories , 34.99 , 62 , 14-07-2024
93-6733588 , Teriyaki Chicken Stir-Fry , Food - Frozen Foods , 6.99 , 46 , 18-12-2024
90-8940726 , Vegetable Fried Rice Mix , Food - Frozen Food , 3.99 , 9 , 03-06-2024
17-7511279 , Lockable Bicycle Chain , Outdoor , 19.99 , 19 , 23-12-2024
18-4063701 , Athletic Compression Tights , Clothing - Activewear , 39.99 , 59 , 23-09-2024
95-1298386 , Granola , Food - Breakfast , 4.79 , 6 , 18-10-2024
51-1229243 , Decorative Throw Blanket , Home , 39.99 , 89 , 11-08-2024
42-1075777 , Pet Hair Vacuum Cleaner Attachment , Pets , 14.99 , 19 , 30-04-2024
75-1663003 , Travel Eye Mask with Ear Plugs , Travel , 15.99 , 43 , 03-09-2024
